day,strategy,global_immunity_percentage,economic_immunity_percentage,countries_with_immunity,total_deaths
0,population_proportional,2.143737199210051e-05,3.443839035897262e-05,0,34
1,population_proportional,4.4234625367508514e-05,7.218070406597089e-05,0,72
2,population_proportional,6.891775192363836e-05,0.0001120412935618574,0,110
3,population_proportional,9.556372611943355e-05,0.00015505996081288282,0,150
4,population_proportional,0.00012512189899660108,0.00020439135162502906,0,190
5,population_proportional,0.0001558603465877624,0.00025109351459482755,0,238
6,population_proportional,0.00018827940261490324,0.00030153049725702987,0,292
7,population_proportional,0.00022506034242966637,0.0003625346746033671,0,352
8,population_proportional,0.00026252122319171835,0.0004239806180569879,0,405
9,population_proportional,0.0003042798429740663,0.0004935239526429735,0,474
10,population_proportional,0.00035101614178690963,0.0005721293309600061,0,537
11,population_proportional,0.0003998307517941485,0.000650501164820498,0,626
12,population_proportional,0.0004525453999292632,0.0007347462913644724,0,717
13,population_proportional,0.000509686076755649,0.0008258277336473542,0,788
14,population_proportional,0.0005708165965395244,0.0009243640378723658,0,879
15,population_proportional,0.0006371942078546172,0.001033476557721438,0,980
16,population_proportional,0.0007070485001330506,0.0011460709204583548,0,1097
17,population_proportional,0.0007831248921407204,0.0012651186208504864,0,1203
18,population_proportional,0.0008630884994354202,0.0013924310386134364,0,1355
19,population_proportional,0.0009508265259293189,0.0015326232474076554,0,1504
20,population_proportional,0.0010462235087237825,0.0016839894947358741,0,1638
21,population_proportional,0.0011483172744502122,0.001848910969503485,0,1805
22,population_proportional,0.0012571078206425482,0.0020231303211275475,0,1979
23,population_proportional,0.0013776241458649152,0.002215387245100892,0,2171
24,population_proportional,0.0015052991029503584,0.002416596878013059,0,2384
25,population_proportional,0.0016414669132018285,0.002627705919134118,0,2600
26,population_proportional,0.0017924523153676926,0.002871028003731499,0,2842
27,population_proportional,0.0019543937637181773,0.0031251791328911994,0,3119
28,population_proportional,0.0021289462027606625,0.003401809515569649,0,3397
29,population_proportional,0.0023141083010998153,0.0036925632940146575,0,3685
30,population_proportional,0.0025124971946455118,0.004001638472021056,0,3992
31,population_proportional,0.0027288596597932436,0.004342643630228507,0,4363
32,population_proportional,0.002960283475826057,0.004711643504814553,0,4723
33,population_proportional,0.003208128533717492,0.005098985107100222,0,5091
34,population_proportional,0.0034776162974856834,0.0055170294761446555,0,5527
35,population_proportional,0.0037666427921940306,0.005963914558445684,0,5996
36,population_proportional,0.004078453778700203,0.006450090857726451,0,6492
37,population_proportional,0.0044159101911577505,0.006977916260634407,0,7089
38,population_proportional,0.004775022106564108,0.0075299245474240144,0,7627
39,population_proportional,0.005163769282442589,0.008130343214273712,0,8216
40,population_proportional,0.005582472509611625,0.008777488013209085,0,8925
41,population_proportional,0.006028860995852287,0.00946080578951679,0,9661
42,population_proportional,0.006511491728092742,0.010210210744861462,0,10394
43,population_proportional,0.007028478888166465,0.011004975284998098,0,11177
44,population_proportional,0.007585557120794873,0.011863702576629854,0,12033
45,population_proportional,0.008184330141348445,0.012779806582676202,0,13010
46,population_proportional,0.008822924821626445,0.01375824843038095,0,13998
47,population_proportional,0.009511181206706163,0.014815797895427042,0,15090
48,population_proportional,0.01025086973372905,0.015942003710962563,0,16266
49,population_proportional,0.011049457016600888,0.017150936334701244,0,17549
50,population_proportional,0.011912780366386282,0.01845656298611379,0,18945
51,population_proportional,0.012835721060490492,0.019851340104477987,0,20464
52,population_proportional,0.013828093237965508,0.021350263732320022,0,21991
53,population_proportional,0.014901263706715618,0.022957144803138128,0,23618
54,population_proportional,0.016049036337696165,0.024679874097599558,0,25461
55,population_proportional,0.017276376012932942,0.026505189052425524,0,27460
56,population_proportional,0.01859022343833259,0.02844773032201192,1,29623
57,population_proportional,0.02001726319493924,0.030551167717791802,1,31894
58,population_proportional,0.021542357143810795,0.032793792463941436,1,34298
59,population_proportional,0.02318002817256298,0.03517543336822747,1,36884
60,population_proportional,0.024945260992700377,0.03775838141737384,1,39670
61,population_proportional,0.026840224149228688,0.04052326334484726,2,42699
62,population_proportional,0.028875091536754948,0.04345750425156304,3,45986
63,population_proportional,0.03104641215466906,0.04657644663171685,3,49446
64,population_proportional,0.03337996078667623,0.04991783949560575,3,53239
65,population_proportional,0.035883395855114755,0.0534797389947749,3,57121
66,population_proportional,0.03858359614819517,0.05730487523008656,3,61363
67,population_proportional,0.04147874117702506,0.06138231783746741,3,66070
68,population_proportional,0.04458659884961358,0.06575096935575951,3,71000
69,population_proportional,0.047917947452598156,0.07041196260521272,3,76331
70,population_proportional,0.05148452576758388,0.07537968056195593,3,81925
71,population_proportional,0.05531321387659881,0.08064123132145369,3,88066
72,population_proportional,0.05941630244267681,0.08627435716726536,3,94602
73,population_proportional,0.06382414762523567,0.09227537013748041,3,101640
74,population_proportional,0.06855469898087328,0.09870255327476112,3,109153
75,population_proportional,0.07361546375541114,0.10554516039652581,3,117176
76,population_proportional,0.079048896528008,0.11282765235683724,3,125758
77,population_proportional,0.0848441723224154,0.1205681403288174,3,134949
78,population_proportional,0.09107430500578756,0.12887381673826478,4,144719
79,population_proportional,0.09773017788403053,0.13765992116406353,4,155222
80,population_proportional,0.1048787020343027,0.14704547000309903,4,166641
81,population_proportional,0.11253793376198747,0.15704865977126276,4,179025
82,population_proportional,0.12074046160499438,0.16773108320021426,4,192156
83,population_proportional,0.12950884491383435,0.17909482583256747,4,206043
84,population_proportional,0.13891565546547183,0.19122141857776392,4,220851
85,population_proportional,0.14899423783338372,0.2041308664635452,5,236929
86,population_proportional,0.15977518268068677,0.21792784285502495,5,254086
87,population_proportional,0.17129623637651603,0.23256594919800222,6,272579
88,population_proportional,0.1836381219827269,0.248200507450868,6,292458
89,population_proportional,0.19683271097407648,0.2648208169296837,7,313324
90,population_proportional,0.21097094513751957,0.28260564398509413,7,335888
91,population_proportional,0.226111160061396,0.30150932632814065,8,359961
92,population_proportional,0.24230766188846783,0.3217089797004872,9,385723
93,population_proportional,0.2596092453527402,0.34319211207376266,9,413410
94,population_proportional,0.27811135617606364,0.3660504398816172,9,442469
95,population_proportional,0.297901842666003,0.3904376317890172,10,474033
96,population_proportional,0.31907737123217556,0.4164511001112912,10,507398
97,population_proportional,0.3417050952317714,0.4441377677572109,11,543610
98,population_proportional,0.3658849608572909,0.47368459094623083,11,581989
99,population_proportional,0.39170314164533987,0.5050495111331422,11,623086
100,population_proportional,0.41927075526411517,0.5384912173623649,11,667028
101,population_proportional,0.448717526800356,0.5740422910499905,12,713865
102,population_proportional,0.48015647673062145,0.6119648608635156,13,763734
103,population_proportional,0.5136853492759372,0.6522594098959941,14,817088
104,population_proportional,0.5495265989621063,0.6952224575828833,14,873943
105,population_proportional,0.587740968620755,0.7408447811901824,14,934385
106,population_proportional,0.6284777201131501,0.7894490900860438,14,999489
107,population_proportional,0.671914356432018,0.8410908271596073,14,1068731
108,population_proportional,0.718275545080849,0.8961059874145607,14,1142085
109,population_proportional,0.7676967927844205,0.9545781355451364,16,1221071
110,population_proportional,0.8202901338177924,1.0166506799709938,16,1304931
111,population_proportional,0.876313767058888,1.082636957540667,17,1393872
112,population_proportional,0.9359366097274252,1.1526936964354995,18,1488594
113,population_proportional,0.9993733643374889,1.2270661620595376,19,1589262
114,population_proportional,1.0668592362934288,1.3060098372723954,20,1695779
115,population_proportional,1.1385756436735652,1.389633642589541,24,1810175
116,population_proportional,1.2147435505172195,1.4783380235615895,26,1931459
117,population_proportional,1.2957650685323923,1.5725099850564404,28,2060216
118,population_proportional,1.3816736667588327,1.6720727019503476,29,2196605
119,population_proportional,1.4660777573483932,1.7697885691308413,29,2330908
120,population_proportional,1.5488702181992255,1.8655818928249746,29,2462675
121,population_proportional,1.63016533974636,1.959522707474145,29,2592545
122,population_proportional,1.7099783719140342,2.0516574478167855,30,2719509
123,population_proportional,1.7883187406790773,2.142054027180509,32,2844242
124,population_proportional,1.8651731528922646,2.230537663156903,33,2966689
125,population_proportional,1.9405997345399824,2.3174444336112248,34,3086785
126,population_proportional,2.0146065092425816,2.402624738777239,34,3204065
127,population_proportional,2.087228897878317,2.4860796759195902,34,3319490
128,population_proportional,2.158468705044357,2.5678135586697746,36,3432617
129,population_proportional,2.228323757641607,2.6479583873923023,40,3544222
130,population_proportional,2.29696262159972,2.7265762861679335,43,3653349
131,population_proportional,2.3641946342838454,2.803581318313503,43,3759807
132,population_proportional,2.4354088395155724,2.884914327304928,43,3872867
133,population_proportional,2.510829288508733,2.9708556539395166,43,3993078
134,population_proportional,2.590725439888388,3.061613284997015,44,4120336
135,population_proportional,2.6752410726995075,3.1574309502491396,46,4254237
136,population_proportional,2.7581334491789113,3.2514825427281244,46,4386591
137,population_proportional,2.8393966138309628,3.343489421087738,46,4515790
138,population_proportional,2.91903304555857,3.4335457721194693,47,4641838
139,population_proportional,2.9971599233886272,3.521793524245841,47,4766302
140,population_proportional,3.073778595417202,3.608253981575086,48,4887372
141,population_proportional,3.1489436336412355,3.692932184707513,48,5007059
142,population_proportional,3.222576943605731,3.7758787998478445,48,5124278
143,population_proportional,3.294786789013921,3.857155507408662,48,5238759
144,population_proportional,3.365556944745972,3.9366363140294682,48,5351452
145,population_proportional,3.4348439850434382,4.014489991517369,49,5461981
146,population_proportional,3.5028036655611596,4.090706746050455,49,5570334
147,population_proportional,3.5693731996200535,4.165334418178089,49,5676237
148,population_proportional,3.639801101354299,4.244013596752375,50,5788264
149,population_proportional,3.71420786704845,4.327013731360318,51,5906884
150,population_proportional,3.7928853733082946,4.414593518105528,53,6031483
151,population_proportional,3.8760284770500015,4.506883609104034,53,6163496
152,population_proportional,3.96389992881718,4.604258719257556,53,6302876
153,population_proportional,4.049920098992611,4.699437626631621,53,6438889
154,population_proportional,4.134246020234409,4.792585389775442,53,6573042
155,population_proportional,4.216843609005505,4.883911314631054,53,6705052
156,population_proportional,4.297768334120381,4.973240218897687,54,6833524
157,population_proportional,4.377092692955072,5.060702963151809,54,6959555
158,population_proportional,4.454754579428959,5.146227515589343,54,7082858
159,population_proportional,4.530838904363625,5.230013342236377,55,7203941
160,population_proportional,4.605379795230574,5.311916058906709,56,7322141
161,population_proportional,4.678406703088319,5.392146074002786,58,7438086
162,population_proportional,4.749943864887254,5.470601306593921,58,7551557
163,population_proportional,4.819945375854381,5.547344018364513,58,7662963
164,population_proportional,4.88855911751464,5.622570272552297,58,7771548
165,population_proportional,4.955784957972765,5.696208563025142,58,7878201
166,population_proportional,5.026737865286456,5.773731183729835,58,7990889
167,population_proportional,5.101684208157875,5.855399867326981,58,8109668
168,population_proportional,5.180752527492939,5.941465327298545,59,8234480
169,population_proportional,5.2641910833308945,6.03208635123757,59,8366861
170,population_proportional,5.352228259836848,6.127455972794936,59,8507210
171,population_proportional,5.438490477242475,6.221005266565218,59,8644670
172,population_proportional,5.522878384503971,6.312353296927618,59,8779500
173,population_proportional,5.6055443982951765,6.40179655612428,59,8910937
174,population_proportional,5.6865164270614885,6.489341888629915,59,9039176
175,population_proportional,5.765766537758185,6.574940402583748,59,9164729
176,population_proportional,5.843389577615128,6.658720130721649,59,9288558
177,population_proportional,5.919401263621158,6.7407235492819595,59,9409661
178,population_proportional,5.993803587018385,6.820993992926358,59,9527489
179,population_proportional,6.066606598372062,6.899454234996215,59,9643500
180,population_proportional,6.137930778988397,6.97628837981318,59,9756196
181,population_proportional,6.20776112747203,7.051384774816218,60,9867514
182,population_proportional,6.276148013796168,7.1249573423612045,60,9975878
183,population_proportional,6.343082500673984,7.196929841806981,60,10081635
184,population_proportional,6.413657545867796,7.272661434763996,60,10193344
185,population_proportional,6.488116059856491,7.352523496373658,61,10311938
186,population_proportional,6.566647747669607,7.436672274118407,61,10436155
187,population_proportional,6.649439585054895,7.525219771054588,61,10567923
188,population_proportional,6.7367454141937095,7.618465826321704,61,10706451
189,population_proportional,6.822228283418649,7.709743667102792,61,10842337
190,population_proportional,6.905953199180428,7.799175633691386,61,10975077
191,population_proportional,6.987840533297428,7.886637019568438,61,11105342
192,population_proportional,7.068010631367385,7.972148130076691,61,11232926
193,population_proportional,7.146465633233183,8.055809176685422,61,11357907
194,population_proportional,7.223271681493835,8.13772333936425,61,11479934
195,population_proportional,7.298461722202467,8.21783135555781,61,11599255
196,population_proportional,7.372025956915675,8.296210855931676,61,11716579
197,population_proportional,7.4440161270652085,8.372944937223508,61,11830793
198,population_proportional,7.514462320118638,8.44796969609215,61,11942413
199,population_proportional,7.583432010473493,8.521370728895947,62,12051426
200,population_proportional,7.650997272781086,8.593252123084916,62,12158401
201,population_proportional,7.717104593268166,8.663608230918591,62,12262974
202,population_proportional,7.786765527327885,8.737709925447431,62,12373779
203,population_proportional,7.860252488147902,8.815834541522019,62,12489788
204,population_proportional,7.93761026157591,8.89796743092764,62,12613036
205,population_proportional,8.019196664836114,8.984691589660097,62,12742805
206,population_proportional,8.105110077855226,9.075932112289582,62,12879384
207,population_proportional,8.189166484996605,9.165232053863376,62,13013022
208,population_proportional,8.271471802860832,9.2526450351465,62,13142896
209,population_proportional,8.352018082037791,9.338093582794974,62,13270509
210,population_proportional,8.430852995751048,9.421802633984926,62,13395444
211,population_proportional,8.508017620295712,9.503664674870722,62,13517325
212,population_proportional,8.583496375804783,9.583790113938823,62,13637071
213,population_proportional,8.657370825208377,9.662173729662973,63,13753912
214,population_proportional,8.72963411862196,9.738926790269169,63,13868330
215,population_proportional,8.800422004623472,9.814097756804864,63,13979747
216,population_proportional,8.869684951911095,9.88771882153323,63,14089577
217,population_proportional,8.937411921109819,9.959668921176752,63,14197209
218,population_proportional,9.003687168406817,10.03002110593615,63,14302776
219,population_proportional,9.073523970871085,10.104226141744405,63,14413236
220,population_proportional,9.14706426695975,10.182405227965699,63,14529651
221,population_proportional,9.22451582439716,10.264621665584427,63,14651897
222,population_proportional,9.306100588602549,10.351385187476868,63,14780968
223,population_proportional,9.39203787714674,10.442763204488292,63,14916874
224,population_proportional,9.476101263028266,10.532078990696998,63,15050939
225,population_proportional,9.55836400136312,10.619572304429443,63,15181794
226,population_proportional,9.638872257988474,10.705215138336975,63,15309174
227,population_proportional,9.717598256846662,10.788864368110804,63,15433576
228,population_proportional,9.794579260485138,10.870723587266239,63,15555862
229,population_proportional,9.869935677978786,10.950912767800936,63,15675526
230,population_proportional,9.943661018318409,11.029348632679937,63,15792526
231,population_proportional,10.015757084231328,11.10606431288261,63,15906541
232,population_proportional,10.086302736647522,11.181293401709976,63,16018438
233,population_proportional,10.155384173293038,11.254864006317437,63,16128490
234,population_proportional,10.222911054603312,11.326820693254115,63,16235548
235,population_proportional,10.288999190023066,11.39731912075605,63,16340217
236,population_proportional,10.358554152745581,11.471508902946228,63,16450087
237,population_proportional,10.431793561203275,11.549660888798286,63,16565480
238,population_proportional,10.50887519012531,11.631946139544285,63,16687871
239,population_proportional,10.59008480026671,11.71866280650246,63,16817214
240,population_proportional,10.675470604933793,11.809979616359316,63,16952769
241,population_proportional,10.759028387375327,11.899216359561182,63,17085417
242,population_proportional,10.840801574787903,11.986649491851805,63,17215021
243,population_proportional,10.920800477214357,12.072171190793727,63,17341208
244,population_proportional,10.999013665185144,12.15585720159746,63,17465060
245,population_proportional,11.07558522728379,12.237764713015286,63,17586046
246,population_proportional,11.150397399434059,12.317895525618319,63,17704524
247,population_proportional,11.223639288747352,12.396267102026972,63,17820821
248,population_proportional,11.295256485357653,12.473030392267965,63,17934334
249,population_proportional,11.365376954337604,12.548159355042436,63,18044905
250,population_proportional,11.433828204543033,12.621580396592748,63,18153331
251,population_proportional,11.500774348918494,12.693313578893264,63,18259848
252,population_proportional,11.571203673292803,12.76895743363658,63,18371477
253,population_proportional,11.645353286699821,12.84858374287378,63,18489067
254,population_proportional,11.723464636899752,12.932551870123985,63,18612371
255,population_proportional,11.80560589946811,13.02094142020734,63,18742764
256,population_proportional,11.892056666984573,13.11401995929002,63,18879377
257,population_proportional,11.976589319961995,13.205136742910605,63,19013196
258,population_proportional,12.059240192191602,13.29421206335851,63,19144113
259,population_proportional,12.140039375721056,13.381300743556638,63,19272329
260,population_proportional,12.219161328675849,13.466669394395707,63,19397136
261,population_proportional,12.29655291391403,13.550144685115137,63,19519549
262,population_proportional,12.372196665163399,13.631768419240986,63,19639171
263,population_proportional,12.446135961927647,13.711578834651261,63,19756455
264,population_proportional,12.518449611518045,13.789726126826286,63,19870829
265,population_proportional,12.589195779016075,13.866189100711415,63,19982707
266,population_proportional,12.658380114014665,13.941007656701528,63,20092277
267,population_proportional,12.72603404016761,14.014178181276087,63,20199091
268,population_proportional,12.792187215425447,14.085780364765913,63,20303792
269,population_proportional,12.86180274149281,14.161146265414056,63,20413610
270,population_proportional,12.93497801420676,14.240464445944669,63,20529803
271,population_proportional,13.011980015234876,14.324023957479877,63,20652057
272,population_proportional,13.09296906388639,14.411802095102155,63,20780282
273,population_proportional,13.17821454829576,14.504481736503541,63,20914987
274,population_proportional,13.261501226122084,14.594994764840886,63,21046771
275,population_proportional,13.342972996582855,14.68358788826458,63,21175898
276,population_proportional,13.422614236801355,14.77016850714929,63,21302160
277,population_proportional,13.500492015903058,14.854893327287341,63,21425026
278,population_proportional,13.57666880252918,14.937901986642414,63,21545625
279,population_proportional,13.651088645841268,15.018907403314618,63,21663160
280,population_proportional,13.72389799869715,15.0982028248548,63,21778599
281,population_proportional,13.795019176550555,15.175734210952772,63,21890933
282,population_proportional,13.864577665801722,15.251543134339224,63,22001728
283,population_proportional,13.932612646924898,15.32571115740804,63,22109468
284,population_proportional,13.99910102848599,15.39824558752557,63,22214327
285,population_proportional,14.069057539105739,15.474640782651822,63,22325101
286,population_proportional,14.142600797629589,15.555040240425098,63,22441412
287,population_proportional,14.219938212725573,15.639661139768501,63,22563714
288,population_proportional,14.301260646299253,15.728637035024772,63,22692183
289,population_proportional,14.38678252185454,15.82231983993882,63,22827768
290,population_proportional,14.470379800492,15.913840353032429,63,22959570
291,population_proportional,14.552137315692464,16.003428037498004,63,23088971
292,population_proportional,14.632057265876213,16.091037633919406,63,23215731
293,population_proportional,14.710231246186847,16.176852707999178,63,23339419
294,population_proportional,14.78662875039124,16.26058843586649,63,23459852
295,population_proportional,14.86129246518677,16.342534761644014,63,23578323
296,population_proportional,14.934300901393653,16.42258725535775,63,23693136
297,population_proportional,15.005665578401883,16.501029348323453,63,23805783
298,population_proportional,15.075465099641603,16.577688867278006,63,23916890
299,population_proportional,15.143585295150107,16.652582829789555,63,24024440
300,population_proportional,15.210240425197213,16.7257577969635,63,24130334
301,population_proportional,15.280341855587912,16.802842045424004,63,24241331
302,population_proportional,15.354037113627749,16.8839408790671,63,24357407
303,population_proportional,15.431481553302499,16.96920585844922,63,24479688
304,population_proportional,15.512917736565152,17.058870722741688,63,24607912
305,population_proportional,15.598523772446766,17.153294736007076,63,24743549
306,population_proportional,15.682141652666889,17.24558238789923,63,24875613
307,population_proportional,15.76395301668427,17.33585620160522,63,25004268
308,population_proportional,15.843936072001004,17.42407593186885,63,25131017
309,population_proportional,15.922099876266861,17.510322836376872,63,25255265
310,population_proportional,15.998471777251222,17.594759280339776,63,25376402
311,population_proportional,16.07323897687548,17.67723013837049,63,25494328
312,population_proportional,16.14622287430716,17.757813920365642,63,25609099
313,population_proportional,16.217603737565685,17.836693799761914,63,25722301
314,population_proportional,16.28738471144214,17.913786142766607,63,25832320
315,population_proportional,16.355600875493476,17.989181355314273,63,25940423
316,population_proportional,16.422261766174852,18.06286052723796,63,26045781
317,population_proportional,16.492325968850885,18.140229418427573,63,26155813
318,population_proportional,16.565987278357706,18.22169290291449,63,26271895
319,population_proportional,16.643352996578106,18.30725607498108,63,26394392
320,population_proportional,16.72469742823204,18.397298918884644,63,26523437
321,population_proportional,16.810093528881023,18.49181298246588,63,26658036
322,population_proportional,16.89368070000104,18.584308757764234,63,26789269
323,population_proportional,16.975359526723295,18.67481873717005,63,26917773
324,population_proportional,17.05522432893108,18.76324154729002,63,27043569
325,population_proportional,17.133244810685742,18.84959327161693,63,27166955
326,population_proportional,17.209522556370068,18.93411162655695,63,27287571
327,population_proportional,17.28410350825572,19.01666293118316,63,27406199
328,population_proportional,17.35702743938871,19.097449334801475,63,27521357
329,population_proportional,17.428276205455884,19.17635339704455,63,27634032
330,population_proportional,17.49790068363631,19.253479993864516,63,27744079
331,population_proportional,17.565999728391102,19.328873849429574,63,27851423
332,population_proportional,17.63256858422526,19.40249488476043,63,27956711
333,population_proportional,17.702459522314648,19.479888384638567,63,28067361
334,population_proportional,17.775924089433357,19.56118954957007,63,28183364
335,population_proportional,17.853073250555887,19.646478799102525,63,28305677
336,population_proportional,17.934169383090946,19.736295824016906,63,28434055
337,population_proportional,18.019416097733316,19.830536779593807,63,28568492
338,population_proportional,18.102747536917615,19.922637955398827,63,28700132
339,population_proportional,18.184182420533944,20.012640443726664,63,28827855
340,population_proportional,18.26376439825841,20.100652909357933,63,28953285
341,population_proportional,18.341584941397823,20.186600232271967,63,29076274
342,population_proportional,18.417694438657335,20.27060403457977,63,29196823
343,population_proportional,18.49202895534152,20.352645411072537,63,29314672
344,population_proportional,18.564692076445798,20.43286354691666,63,29428814
345,population_proportional,18.635717645214314,20.51130131615522,63,29540391
346,population_proportional,18.705171233772187,20.587921738273693,63,29650027
347,population_proportional,18.773013205386945,20.662754742329927,63,29757314
348,population_proportional,18.839315833897654,20.735846394215972,63,29862236
349,population_proportional,18.909220123690783,20.812847802301313,63,29972576
350,population_proportional,18.983729325135155,20.894690316284215,63,30088816
351,population_proportional,19.073519162880967,20.992231416818203,63,30209988
352,population_proportional,19.169802228843725,21.096588947531732,63,30337309
353,population_proportional,19.27302699870311,21.208151123748923,63,30471266
354,population_proportional,19.374419601351683,21.31773043977172,64,30601884
355,population_proportional,19.473771606405162,21.42500606372192,64,30729789
356,population_proportional,19.57436377554159,21.533296661342245,64,30854791
357,population_proportional,19.676483519029333,21.642884649616622,64,30976834
358,population_proportional,19.780815058487146,21.754415819617677,64,31096577
359,population_proportional,19.884264181395263,21.864871441685427,64,31212817
360,population_proportional,19.98366211435695,21.971072220958796,64,31326626
361,population_proportional,20.081438155932734,22.07548228640961,64,31437626
362,population_proportional,20.178590291869135,22.178999176779513,64,31546656
363,population_proportional,20.27858382173014,22.28526430442472,64,31653380
364,population_proportional,20.38214645419453,22.394879348031434,64,31757456
365,population_proportional,20.494266310341246,22.513346940758773,64,31866840
366,population_proportional,20.61184861479584,22.637422237621205,65,31982032
367,population_proportional,20.73569771670441,22.76790310126611,65,32102823
368,population_proportional,20.867658407318775,22.906682034215102,65,32229068
369,population_proportional,21.00602864474279,23.052064703709785,65,32361601
370,population_proportional,21.153706632260278,23.206899882835675,65,32501124
371,population_proportional,21.306763167865014,23.366963775302143,65,32636780
372,population_proportional,21.462524197303146,23.5294902968787,65,32769507
373,population_proportional,21.625506888938222,23.698871341951673,65,32899504
374,population_proportional,21.797444528658787,23.877080064961874,65,33026414
375,population_proportional,21.971426142945923,24.057068147396283,65,33150326
376,population_proportional,22.14259489054372,24.23397555036571,65,33271155
377,population_proportional,22.32392005596893,24.420880591778086,65,33389693
378,population_proportional,22.507748028109162,24.61000770487549,65,33505291
379,population_proportional,22.696671174601196,24.80403464211749,65,33618317
380,population_proportional,22.90547618210133,25.017852692403657,65,33728568
381,population_proportional,23.11961275651491,25.236791427090168,65,33835971
382,population_proportional,23.34176303122298,25.46357297386075,66,33941157
383,population_proportional,23.565397765287457,25.69184446761514,66,34051165
384,population_proportional,23.79861337045152,25.929830324779214,67,34166654
385,population_proportional,24.04351793246418,26.17947751775322,67,34287181
386,population_proportional,24.299726044890953,26.44047388870223,69,34413104
387,population_proportional,24.56784046929994,26.713315528056565,69,34545174
388,population_proportional,24.849633310835994,26.999766856050552,69,34683034
389,population_proportional,25.13688227828766,27.291599207855466,71,34817281
390,population_proportional,25.427188764059494,27.586113360697894,71,34948919
391,population_proportional,25.726655627439644,27.889592273588004,72,35076715
392,population_proportional,26.03156959479686,28.198349171375142,72,35201419
393,population_proportional,26.337522822201077,28.507994110442404,72,35323160
394,population_proportional,26.642201811674045,28.81608622531519,72,35441377
395,population_proportional,26.946507415854004,29.123662939406156,72,35556477
396,population_proportional,27.24574307920772,29.42593447836429,72,35669018
397,population_proportional,27.537987502497533,29.72113994304012,72,35778413
398,population_proportional,27.83708467763638,30.022953613728596,72,35885431
399,population_proportional,28.143958390625414,30.332411965532142,73,35989333
400,population_proportional,28.474438940798077,30.665375449898498,73,36097749
401,population_proportional,28.822057108362017,31.01531958053613,73,36210314
402,population_proportional,29.18438500319325,31.379810829543064,73,36327489
403,population_proportional,29.561355565255948,31.758765712896935,76,36449461
404,population_proportional,29.948783294063652,32.14792959561166,77,36576077
405,population_proportional,30.337584839603323,32.53824343791584,77,36708360
406,population_proportional,30.729485897984656,32.931529383650904,77,36845108
407,population_proportional,31.11235026227592,33.31548920645892,78,36978335
408,population_proportional,31.489562584792125,33.693637571076216,79,37108294
409,population_proportional,31.868114729064402,34.07298774668199,80,37234484
410,population_proportional,32.24132650445698,34.44680415011743,81,37356605
411,population_proportional,32.61122623800032,34.81722167714237,83,37475466
412,population_proportional,32.97280907226094,35.179241254563166,83,37591728
413,population_proportional,33.32908629606973,35.53579553921326,83,37703731
414,population_proportional,33.68586221057318,35.89272045172609,84,37812974
415,population_proportional,34.04624966530535,36.253151335186715,84,37918588
416,population_proportional,34.40469046525593,36.611390585368405,84,38027866
417,population_proportional,34.76525625338372,36.971516788169566,84,38140936
418,population_proportional,35.12771526477748,37.33323334405179,84,38256963
419,population_proportional,35.494105050101524,37.69855851154771,84,38377627
420,population_proportional,35.86687787298346,38.06993197811466,84,38501708
421,population_proportional,36.24757226219931,38.44896031068803,84,38629629
422,population_proportional,36.638847826974526,38.838169367107696,85,38761883
423,population_proportional,37.04349898766177,39.240272010958975,87,38897372
424,population_proportional,37.455115341828545,39.64932682291522,87,39029663
425,population_proportional,37.86615725471465,40.05774807264841,88,39156890
426,population_proportional,38.28746762906977,40.47645668366537,90,39280983
427,population_proportional,38.7202853384148,40.90654169951176,92,39400665
428,population_proportional,39.16504575472529,41.34855462483445,92,39516273
429,population_proportional,39.622470290306694,41.80319891997774,93,39627914
430,population_proportional,40.09142925487593,42.26932913026329,93,39736056
431,population_proportional,40.572339047664684,42.74739710031311,93,39841047
432,population_proportional,41.060072191174775,43.231941883004,95,39948927
433,population_proportional,41.56549833201065,43.733919483666554,96,40058928
434,population_proportional,42.083672984115374,44.24827828109389,97,40172133
435,population_proportional,42.61359364522108,44.7738911992713,97,40286985
436,population_proportional,43.14308957042203,45.29877969760744,97,40405012
437,population_proportional,43.68449783792949,45.83513629778086,98,40525048
438,population_proportional,44.23389138923835,46.379127463792635,101,40647563
439,population_proportional,44.78819011001526,46.92759397795546,103,40771698
440,population_proportional,45.36291165810784,47.496048630232316,103,40898285
441,population_proportional,45.95389098271679,48.08037672354957,104,41027701
442,population_proportional,46.557364059807725,48.676833929026664,109,41158838
443,population_proportional,47.17820669222188,49.29014674358131,110,41292206
444,population_proportional,47.809484791078475,49.91405615178071,112,41420605
445,population_proportional,48.450361031923364,50.54771918569006,112,41544499
446,population_proportional,49.10869311524521,51.19902492209394,113,41663186
447,population_proportional,49.775448430953055,51.85887182279374,116,41777366
448,population_proportional,50.45087942979876,52.5275953469448,120,41887379
449,population_proportional,51.14600023977203,53.21612224810626,123,41992826
450,population_proportional,51.884389680172305,53.94767755063675,126,42099401
451,population_proportional,52.66868896902497,54.72480342673168,129,42206642
452,population_proportional,53.48603326778803,55.53464154679596,135,42314658
453,population_proportional,54.31775538608215,56.35860397097737,137,42423133
454,population_proportional,55.15279465351583,57.18564717405879,143,42532061
455,population_proportional,56.005614193110404,58.03026585721721,149,42640593
456,population_proportional,56.88349916830056,58.89956034373291,154,42749515
457,population_proportional,57.79093758839537,59.79817405505766,161,42858899
458,population_proportional,58.69685156518014,60.69505858407903,169,42967523
459,population_proportional,59.58751086197273,61.57647982222768,174,43076125
460,population_proportional,60.481833617222264,62.46135984679852,180,43184989
461,population_proportional,61.3831970202354,63.353138257566876,187,43292495
462,population_proportional,62.298190004382214,64.25836823203862,194,43399335
463,population_proportional,63.21837559610876,65.16873880521703,205,43505378
464,population_proportional,64.14845216360357,66.08884727645551,213,43609991
465,population_proportional,65.10187159813934,67.03222807806065,219,43713532
466,population_proportional,66.07837768825674,67.9986355110461,224,43814990
467,population_proportional,67.06300490521026,68.97304674967107,228,43915316
468,population_proportional,68.07369953894062,69.97355802664417,229,44014551
469,population_proportional,69.08527065282114,70.97482050522737,230,44111792
470,population_proportional,70.09112941587352,71.97044125316016,232,44207167
471,population_proportional,71.06234861886438,72.9314285274193,233,44300361
472,population_proportional,72.00420510162517,73.8631670623843,233,44391782
473,population_proportional,72.92872579424633,74.77764085151759,233,44480748
474,population_proportional,73.8361871085218,75.67509981066742,233,44567391
475,population_proportional,74.72065760856437,76.54973235681459,233,44651951
476,population_proportional,75.59139498082874,77.41077832403158,233,44733870
477,population_proportional,76.45765828745017,78.26745952183364,233,44813225
478,population_proportional,77.34631990263743,79.1466866516967,233,44889893
479,population_proportional,78.24228805066832,80.03338721399474,233,44964880
480,population_proportional,79.14679426778581,80.92880952765955,233,45037060
481,population_proportional,80.07060197102444,81.84368639882278,235,45106553
482,population_proportional,81.01273874210844,82.77710471365091,235,45173868
483,population_proportional,81.98950930717677,83.74541859734353,235,45238429
484,population_proportional,83.00743215123585,84.75508595536293,235,45300649
485,population_proportional,84.04443992178852,85.78410869039833,235,45360149
486,population_proportional,85.12727796022277,86.85916843047276,235,45417071
487,population_proportional,86.20487332820635,87.9292279955532,235,45471652
488,population_proportional,87.27354191754412,88.99060708248253,235,45523078
489,population_proportional,88.32378414586226,90.03387477112808,235,45572433
490,population_proportional,89.35301506184328,91.05641159796687,235,45619473
491,population_proportional,90.35683837345866,92.05378937455318,235,45664337
492,population_proportional,91.35765179138413,93.04837944355212,235,45706850
493,population_proportional,92.35455387208192,94.03936071418953,235,45746823
494,population_proportional,93.39252128754886,95.07162709856294,235,45784723
495,population_proportional,94.44525668491208,96.11897094546833,235,45820304
496,population_proportional,95.5376659473329,97.20622111201848,235,45854024
497,population_proportional,96.67123085657744,98.33491949135853,235,45885882
498,population_proportional,97.8485750010534,99.50765936704832,235,45915528
499,population_proportional,99.03238310148684,100.68708585326628,235,45943514
500,population_proportional,100.22029750471245,101.87085816924053,235,45969575
501,population_proportional,101.4314848108969,103.07815561001014,235,45993800
502,population_proportional,102.69743443122105,104.34045635517576,235,46016521
503,population_proportional,104.00219239703719,105.6418286601591,235,46037153
504,population_proportional,105.33642486322513,106.97293076482362,235,46057040
505,population_proportional,106.68208681351518,108.3156586545163,235,46075325
506,population_proportional,108.0783023462024,109.70914574292335,235,46092086
507,population_proportional,109.51592132271033,111.14424493101379,235,46107796
508,population_proportional,110.96738166850733,112.59335930770476,235,46122256
509,population_proportional,112.42208483986212,114.04586865522276,235,46135842
510,population_proportional,113.88813221969417,115.50989205663912,235,46148442
511,population_proportional,115.38642593529347,117.00630333485671,235,46160264
512,population_proportional,116.93993377029338,118.55806810600664,235,46171054
513,population_proportional,118.50241425939957,120.11891197727144,235,46181113
514,population_proportional,120.08051570963603,121.69550828445574,235,46190477
515,population_proportional,121.69975428493169,123.31334690919644,235,46199084
516,population_proportional,123.35506867684059,124.96734788193791,235,46207094
517,population_proportional,125.05013937402316,126.66121987719816,235,46214592
518,population_proportional,126.78296328230608,128.39291744809537,235,46221617
519,population_proportional,128.54392038135296,130.1528388393049,235,46228010
520,population_proportional,130.31166383892443,131.91961431374816,235,46234147
521,population_proportional,132.12059434863008,133.72763183619904,235,46239810
522,population_proportional,133.92883122221497,135.5350232600953,235,46245057
523,population_proportional,135.72375782949743,137.32916479405057,235,46249870
524,population_proportional,137.50180280055355,139.10648794606595,235,46254439
525,population_proportional,139.25792632492875,140.8619383001904,235,46258609
526,population_proportional,140.97984231059635,142.58323661863656,235,46262518
527,population_proportional,142.7322920438971,144.3351067926994,235,46266046
528,population_proportional,144.46346452795683,146.06574638334718,235,46269345
529,population_proportional,146.1781934967279,147.77997670065787,235,46272296
530,population_proportional,147.89847491419786,149.49979680250556,235,46275119
531,population_proportional,149.59371390274868,151.19460636048063,235,46277695
532,population_proportional,151.32443155398272,152.9249179649426,235,46280188
533,population_proportional,153.0973601678855,154.69747444298193,235,46282453
534,population_proportional,154.90833820565345,156.5081109014751,235,46284566
535,population_proportional,156.76526795640697,158.36471726904523,235,46286597
536,population_proportional,158.67518342148554,160.27434005441734,235,46288438
537,population_proportional,160.62597181048108,162.22486098328775,235,46290160
538,population_proportional,162.6780298645656,164.2766599700459,235,46291747
539,population_proportional,164.7702379180405,166.3686322102598,235,46293203
540,population_proportional,166.87665568584538,168.47482929933497,235,46294551
541,population_proportional,169.00347136333679,170.6014357867078,235,46295831
542,population_proportional,171.1444467867453,172.74221883359135,235,46297028
543,population_proportional,173.3219884272552,174.91958465922755,235,46298155
544,population_proportional,175.5173470711407,177.1147715149363,235,46299182
545,population_proportional,177.6852165464576,179.28248865849085,235,46300089
546,population_proportional,179.83301012849552,181.43013812636823,235,46300887
547,population_proportional,181.94580130015513,183.54279170798668,235,46301694
548,population_proportional,184.01392624662273,185.61079281703977,235,46302424
549,population_proportional,186.01297042288775,187.60972332097214,235,46303140
550,population_proportional,187.95192460348503,189.5485709538907,235,46303755
551,population_proportional,189.81093411192245,191.4074780749355,235,46304365
552,population_proportional,191.61579685962218,193.21224879833164,235,46304955
553,population_proportional,193.36409483978466,194.9604610734498,235,46305464
554,population_proportional,195.06773944639878,196.66402479729948,235,46305931
555,population_proportional,196.76042361901779,198.3566377705296,235,46306412
556,population_proportional,198.42237488384808,200.01852197459462,235,46306823
557,population_proportional,200.0238575648621,201.61993950694634,235,46307204
558,population_proportional,201.60898910346353,203.20500970414452,235,46307552
559,population_proportional,203.17213317231918,204.76809905014747,235,46307890
560,population_proportional,204.738487751003,206.33440110183847,235,46308177
561,population_proportional,206.33314731799948,207.92901370307834,235,46308519
562,population_proportional,207.89280973558792,209.48863184498663,235,46308792
563,population_proportional,209.46441574310396,211.06019557799024,235,46309024
564,population_proportional,211.06206896846686,212.65781106904126,235,46309256
565,population_proportional,212.67242403659074,214.26813153556964,235,46309451
566,population_proportional,214.28565852940676,215.88133061526233,235,46309635
567,population_proportional,215.87426506236523,217.46990543017714,235,46309838
568,population_proportional,217.43346080180225,219.02907224359564,235,46309995
569,population_proportional,219.01768816164235,220.6132704768923,235,46310156
570,population_proportional,220.6378146358542,222.23337056122944,235,46310298
571,population_proportional,222.28183288850846,223.87736535796054,235,46310423
572,population_proportional,223.94620132031574,225.54171249132457,235,46310541
573,population_proportional,225.6806074243606,227.2760985007452,235,46310648
574,population_proportional,227.49026844173574,229.0857412225384,235,46310758
575,population_proportional,229.37739173616885,230.97284537457674,235,46310871
576,population_proportional,231.31157069237284,232.90700894863687,235,46310964
577,population_proportional,233.2869002981566,234.8823229662196,235,46311035
578,population_proportional,235.3020771039013,236.89748522824445,235,46311128
579,population_proportional,237.37640178819169,238.97179568271636,235,46311198
580,population_proportional,239.4749170705926,241.07029845137552,235,46311284
581,population_proportional,241.61649101528334,243.2118613445185,235,46311349
582,population_proportional,243.74096258978096,245.3363223399415,235,46311416
583,population_proportional,245.82651797316166,247.42186646920726,235,46311475
584,population_proportional,247.8875261257077,249.4828644862332,235,46311532
585,population_proportional,249.92136339712027,251.51669373794564,235,46311576
586,population_proportional,251.92655576083123,253.52187771812896,235,46311621
587,population_proportional,253.8818948032637,255.47720906545734,235,46311668
588,population_proportional,255.77464824672165,257.36995495648614,235,46311706
589,population_proportional,257.64325023143084,259.23855029585803,235,46311737
590,population_proportional,259.5071082249375,261.1024012313862,235,46311768
591,population_proportional,261.36724792584425,262.9625350877489,235,46311790
592,population_proportional,263.2200481117853,264.815329799349,235,46311822
593,population_proportional,265.02847189488995,266.6237478692403,235,46311850
594,population_proportional,266.8314243156067,268.4266956653598,235,46311872
595,population_proportional,268.63184926269946,270.22711609554784,235,46311909
596,population_proportional,270.435623901455,272.0308857269906,235,46311931
597,population_proportional,272.22183277528666,273.8170909640176,235,46311952
598,population_proportional,273.9797318968006,275.57498581483964,235,46311970
599,population_proportional,275.7255392302901,277.3207894323508,235,46311984
600,population_proportional,277.497767815765,279.09301432545766,235,46312001
601,population_proportional,279.2726127907608,280.86785635053434,235,46312019
602,population_proportional,281.05953129817647,282.6547711856209,235,46312034
603,population_proportional,282.8771009714508,284.4723370632598,235,46312050
604,population_proportional,284.73140782444653,286.3266403126686,235,46312065
605,population_proportional,286.6690366436363,288.2642657525983,235,46312077
606,population_proportional,288.6671362476508,290.2623625210666,235,46312086
607,population_proportional,290.6963933920177,292.29161757765587,235,46312088
608,population_proportional,292.73547267385686,294.3306944456318,235,46312093
609,population_proportional,294.7520844562233,296.3473041294463,235,46312100
610,population_proportional,296.7838699189748,298.3790871873745,235,46312108
611,population_proportional,298.75895826606114,300.35417395582874,235,46312113
612,population_proportional,300.617501789523,302.2127158134262,235,46312119
613,population_proportional,302.37010595271545,303.96531814820963,235,46312125
614,population_proportional,304.0771999331196,305.67241080844946,235,46312130
615,population_proportional,305.71581203666807,307.3110211861448,235,46312136
616,population_proportional,307.3517412927906,308.9469492404067,235,46312139
617,population_proportional,308.94471966850415,310.53992583438327,235,46312144
618,population_proportional,310.5557059980515,312.15091082918696,235,46312146
619,population_proportional,312.1620341566078,313.757237699265,235,46312154
620,population_proportional,313.83603100175867,315.4312327164647,235,46312157
621,population_proportional,315.5091520088534,317.1043522713205,235,46312161
622,population_proportional,317.2264434790815,318.8216423033329,235,46312162
623,population_proportional,318.8604943994948,320.4556916749473,235,46312166
624,population_proportional,320.4404948015529,322.0356905709556,235,46312170
625,population_proportional,321.98799242795565,323.5831868176458,235,46312172
626,population_proportional,323.52363237334487,325.11882561068956,235,46312173
627,population_proportional,325.08337784965005,326.67856956664673,235,46312174
628,population_proportional,326.64040845297507,328.2355989185246,235,46312175
629,population_proportional,328.1364068295315,329.7315961340648,235,46312178
630,population_proportional,329.6489457269932,331.24413374139795,235,46312180
631,population_proportional,331.1385692324091,332.73375611101363,235,46312183
632,population_proportional,332.62804439259,334.22322967749744,235,46312186
633,population_proportional,334.14183116419946,335.73701551714623,235,46312188
634,population_proportional,335.5505980966354,337.1457809975946,235,46312190
635,population_proportional,336.92693783559923,338.52211966824063,235,46312190
636,population_proportional,338.3710641853143,339.966245148573,235,46312191
637,population_proportional,339.80457063570685,341.39975044281124,235,46312193
638,population_proportional,341.28275523324993,342.8779338584251,235,46312193
639,population_proportional,342.7423603726085,344.3375378225396,235,46312194
640,population_proportional,344.1519149133465,345.74709156325264,235,46312194
641,population_proportional,345.5666712751365,347.1618466968139,235,46312195
642,population_proportional,346.96848336926263,348.56365772401347,235,46312195
643,population_proportional,348.2846946675788,349.87986789945273,235,46312196
644,population_proportional,349.6051051398041,351.20027729086934,235,46312197
645,population_proportional,350.85896484912877,352.4541360363936,235,46312198
646,population_proportional,352.07346177296404,353.6686316432919,235,46312198
647,population_proportional,353.302755665731,354.89792442503887,235,46312198
648,population_proportional,354.5359386882963,356.13110657287467,235,46312198
649,population_proportional,355.7945157769543,357.3896826643443,235,46312198
650,population_proportional,357.03652650986135,358.6316926101283,235,46312198
651,population_proportional,358.2657169243564,359.86088186482516,235,46312198
652,population_proportional,359.48857888811625,361.0837428451526,235,46312199
653,population_proportional,360.7088212850623,362.3039843504942,235,46312199
654,population_proportional,361.9010123911984,363.49617430719087,235,46312199
655,population_proportional,363.0574880343672,364.6526492300444,235,46312199
656,population_proportional,364.19548196377366,365.79064209698186,235,46312200
657,population_proportional,365.36150354930635,366.9566629160346,235,46312200
658,population_proportional,366.56103362811984,368.15619195507645,235,46312200
659,population_proportional,367.8109062785734,369.40606388810914,235,46312200
660,population_proportional,369.07028186994086,370.6654384476281,235,46312200
661,population_proportional,370.3638015167676,371.9589571772532,235,46312200
662,population_proportional,371.6739996457618,373.2691544497258,235,46312200
663,population_proportional,373.0097880682071,374.6049422382196,235,46312200
664,population_proportional,374.3339916218852,375.929145086929,235,46312200
665,population_proportional,375.6603160148862,377.2554684560014,235,46312200
666,population_proportional,376.9723417194826,378.5674932045066,235,46312200
667,population_proportional,378.31926031028746,379.91441061476263,235,46312200
668,population_proportional,379.7054850859124,381.3006344508556,235,46312200
669,population_proportional,381.19962415346845,382.7947729017426,235,46312201
670,population_proportional,382.68960019454966,384.28474781337803,235,46312201
671,population_proportional,384.19293436939614,385.7880810539322,235,46312201
672,population_proportional,385.65769112375244,387.25283678132826,235,46312202
673,population_proportional,387.13888005551155,388.7340248866096,235,46312202
674,population_proportional,388.6299754121417,390.22511934544787,235,46312202
675,population_proportional,390.0829029927041,391.67804588534517,235,46312202
676,population_proportional,391.46518686296906,393.06032870669145,235,46312202
677,population_proportional,392.8761120483084,394.47125281366215,235,46312202
678,population_proportional,394.3350682668016,395.9302081182194,235,46312202
679,population_proportional,395.8574958769016,397.4526345840412,235,46312202
680,population_proportional,397.4151777734715,399.01031558428014,235,46312202
681,population_proportional,398.98856965792226,400.5837064225783,235,46312202
682,population_proportional,400.6148279533385,402.20996367433685,235,46312202
683,population_proportional,402.2763908650531,403.87152558701735,235,46312202
684,population_proportional,403.91280393448363,405.50793768280226,235,46312202
685,population_proportional,405.5166352406308,407.1117680351202,235,46312202
686,population_proportional,407.0962957743984,408.6914275735273,235,46312202
687,population_proportional,408.65632401561925,410.2514548711468,235,46312202
688,population_proportional,410.1989589679824,411.7940888899603,235,46312202
689,population_proportional,411.7044351677738,413.29956438964064,235,46312202
690,population_proportional,413.22499244553444,414.82012079787063,235,46312202
691,population_proportional,414.7451151481077,416.3402425312679,235,46312202
692,population_proportional,416.2942530729661,417.8893796870733,235,46312202
693,population_proportional,417.86663531896215,419.4617611034816,235,46312202
694,population_proportional,419.4586058179372,421.0537306581532,235,46312202
695,population_proportional,421.0508474085612,422.64597132597515,235,46312202
696,population_proportional,422.70119708730533,424.29632000528113,235,46312202
697,population_proportional,424.30183707927785,425.8969591985352,235,46312202
698,population_proportional,425.96555210481046,427.5606733639169,235,46312202
699,population_proportional,427.65034583954275,429.2454658822524,235,46312202
700,population_proportional,429.3792778620838,430.9743971885701,235,46312202
701,population_proportional,431.1481220923168,432.7432405648622,235,46312202
702,population_proportional,432.977018012156,434.5721355270212,235,46312202
703,population_proportional,434.7811120434668,436.3762286935682,235,46312202
704,population_proportional,436.66749006982815,438.26260576372516,235,46312202
705,population_proportional,438.5136672411624,440.10878189993934,235,46312202
706,population_proportional,440.3377214690538,441.93283508177757,235,46312202
707,population_proportional,442.1296675906748,443.724780242088,235,46312202
708,population_proportional,443.8683733321717,445.46348483672966,235,46312202
709,population_proportional,445.5982229887491,447.1933335609562,235,46312202
710,population_proportional,447.32243098296505,448.9175405135702,235,46312202
711,population_proportional,449.0889314296924,450.6840401532246,235,46312202
712,population_proportional,450.863906403602,452.459014318098,235,46312202
713,population_proportional,452.6566481438189,454.2517550985636,235,46312202
714,population_proportional,454.50277453233286,456.09788040520914,235,46312202
715,population_proportional,456.3896480160935,457.9847529179152,235,46312202
716,population_proportional,458.2767273406963,459.8718313888039,235,46312202
717,population_proportional,460.229936674151,461.82503976630426,235,46312202
718,population_proportional,462.14724686940133,463.742349068145,235,46312202
719,population_proportional,464.0756670019665,465.6707681309619,235,46312202
720,population_proportional,466.07463962572524,467.66973983173193,235,46312202
721,population_proportional,468.08334775259004,469.6784470717447,235,46312202
722,population_proportional,470.0770709628447,471.67216942384186,235,46312202
723,population_proportional,472.08552738249097,473.68062487103964,235,46312202
724,population_proportional,474.0162815263309,475.61137810396724,235,46312202
725,population_proportional,475.89561003475666,477.49070570677435,235,46312202
726,population_proportional,477.73131086476405,479.32640554499403,235,46312202
727,population_proportional,479.50330888894126,481.09840262319307,235,46312202
728,population_proportional,481.2612360266152,482.85632888599,235,46312202
729,population_proportional,483.07283436402855,484.6679263565548,235,46312202
730,population_proportional,484.85072296240105,486.44581395513217,235,46312202
731,population_proportional,486.63327157724336,488.2283616467243,235,46312202
732,population_proportional,488.3296225340567,489.92471154541005,235,46312202
733,population_proportional,490.0015169652685,491.59660508048034,235,46312202
734,population_proportional,491.66068692839264,493.2557741885707,235,46312202
735,population_proportional,493.2716496381437,494.86673599199065,235,46312202
736,population_proportional,494.82152244199483,496.4166076728045,235,46312202
737,population_proportional,496.37637925719923,497.9714635179929,235,46312202
738,population_proportional,497.98826788905666,499.5833512402678,235,46312202
739,population_proportional,499.637754014648,501.23283635749397,235,46312202
740,population_proportional,501.3537911119431,502.94887239707685,235,46312202
741,population_proportional,503.07368680856024,504.6687673116647,235,46312202
742,population_proportional,504.8392631232081,506.4343425967763,235,46312202
743,population_proportional,506.59112069560416,508.1861994488252,235,46312202
744,population_proportional,508.33978224839046,509.9348600322694,235,46312202
745,population_proportional,509.9855497277966,511.58062672320466,235,46312202
746,population_proportional,511.6718182227814,513.2668942714265,235,46312202
747,population_proportional,513.3504726541008,514.9455476615213,235,46312202
748,population_proportional,515.0374684149788,516.6325422487032,235,46312202
749,population_proportional,516.598757508228,518.1938304332854,235,46312202
750,population_proportional,518.1947021981304,519.789773962531,235,46312202
751,population_proportional,519.754820724079,521.3498915795088,235,46312202
752,population_proportional,521.33541833568,522.9304882153962,235,46312202
753,population_proportional,522.8795174810707,524.4745862600444,235,46312202
754,population_proportional,524.3704777016337,525.9655455027863,235,46312202
755,population_proportional,525.7908935351663,527.3859604522012,235,46312202
756,population_proportional,527.2424858640102,528.8375518624608,235,46312202
757,population_proportional,528.6064505484773,530.2015157090872,235,46312202
758,population_proportional,529.9376053134932,531.5326696423822,235,46312202
759,population_proportional,531.2423019471912,532.8373656378635,235,46312202
760,population_proportional,532.5110591793382,534.1061218239157,235,46312202
761,population_proportional,533.7764931037926,535.3715549088784,235,46312202
762,population_proportional,535.0316904769729,536.6267512210608,235,46312202
763,population_proportional,536.2311168745587,537.8261767334255,235,46312202
764,population_proportional,537.3861016715556,538.981160370074,235,46312202
765,population_proportional,538.5016900467457,540.0967479120586,235,46312202
766,population_proportional,539.5868067681387,541.1818637872091,235,46312202
767,population_proportional,540.6762096723533,542.2712656848817,235,46312202
768,population_proportional,541.7480331261949,543.3430881090321,235,46312202
769,population_proportional,542.8009725310277,544.3960266726767,235,46312202
770,population_proportional,543.8974989824733,545.492552203264,235,46312202
771,population_proportional,545.0504424498671,546.6454945785848,235,46312202
772,population_proportional,546.2187685876742,547.8138196784836,235,46312202
773,population_proportional,547.4540490662782,549.049099525467,235,46312202
774,population_proportional,548.6909734149332,550.2860228077723,235,46312202
775,population_proportional,549.9538714719198,551.5489201432671,235,46312202
776,population_proportional,551.2373521909145,552.8323997701303,235,46312202
777,population_proportional,552.5035286087518,554.0985751739566,235,46312202
778,population_proportional,553.7321035604665,555.3271492905723,235,46312202
779,population_proportional,554.9949306906992,556.5899756064425,235,46312202
780,population_proportional,556.2128289284096,557.8078729586041,235,46312202
781,population_proportional,557.4496468562825,559.044689767998,235,46312202
782,population_proportional,558.6500076724724,560.2450496817464,235,46312202
783,population_proportional,559.8399597760261,561.4350006524378,235,46312202
784,population_proportional,561.0134936908194,562.6085335471122,235,46312202
785,population_proportional,562.1788208713707,563.7738598538499,235,46312202
786,population_proportional,563.3258289280717,564.9208671275499,235,46312202
787,population_proportional,564.4645701865431,566.059607463444,235,46312202
788,population_proportional,565.5768285475698,567.171865026294,235,46312202
789,population_proportional,566.6919019834919,568.2869377985655,235,46312202
790,population_proportional,567.8193508812825,569.4143859532185,235,46312202
791,population_proportional,568.8915924903308,570.4866263243609,235,46312202
792,population_proportional,569.9298377843751,571.5248707897857,235,46312202
793,population_proportional,570.9133745451395,572.5084065339337,235,46312202
794,population_proportional,571.8511208464233,573.446151981177,235,46312202
795,population_proportional,572.7585452431532,574.3535752976279,235,46312202
796,population_proportional,573.6359634789238,575.2309925365954,235,46312202
797,population_proportional,574.4662106049522,576.0612387532035,235,46312202
798,population_proportional,575.3028482989447,576.8978756025977,235,46312202
799,population_proportional,576.1264255269768,577.7214519681581,235,46312202
0,large_population_first,2.1103816242117087e-05,3.351885167733512e-05,0,37
1,large_population_first,4.3387906883798244e-05,6.997143890069146e-05,0,69
2,large_population_first,6.812234971473778e-05,0.0001131311505158604,0,109
3,large_population_first,9.505056323630141e-05,0.00015744717478596146,0,136
4,large_population_first,0.00012322319684026443,0.00020375556314548228,0,183
5,large_population_first,0.00015416690926166841,0.00025139371618021885,0,220
6,large_population_first,0.00018650899093769195,0.00030430967832375145,0,280
7,large_population_first,0.0002225201863664407,0.00036217273345161245,0,332
8,large_population_first,0.00026204654729740666,0.0004257436369931048,0,394
9,large_population_first,0.0003038564829001056,0.0004928763381695848,0,453
10,large_population_first,0.0003482835492693199,0.0005632265891514876,0,516
11,large_population_first,0.0003969570383921033,0.0006408320115153136,0,586
12,large_population_first,0.0004483759503442286,0.0007244272841097023,0,678
13,large_population_first,0.0005038873362732139,0.0008164590059172538,0,767
14,large_population_first,0.0005658902335314212,0.0009207151816950629,0,872
15,large_population_first,0.0006322550168705935,0.0010308828065820315,0,988
16,large_population_first,0.0007023017432952408,0.0011434655320909373,0,1084
17,large_population_first,0.0007783011626913254,0.0012688479050052368,0,1210
18,large_population_first,0.0008589960270528658,0.0014004544768351707,0,1363
19,large_population_first,0.0009481580783881193,0.0015447646878488123,0,1496
20,large_population_first,0.0010450688936070908,0.0017037625091446316,0,1647
21,large_population_first,0.0011469830506732083,0.0018682841338876137,0,1802
22,large_population_first,0.0012581341443713156,0.002047557456146971,0,1967
23,large_population_first,0.0013748658934539491,0.002239652704003527,0,2159
24,large_population_first,0.0015001161524884523,0.0024406883418906086,0,2355
25,large_population_first,0.0016367586356463002,0.0026620580942799013,0,2561
26,large_population_first,0.0017851782188108478,0.002900721160660121,0,2787
27,large_population_first,0.0019453235836160714,0.003159445127674856,0,3016
28,large_population_first,0.002115373012154243,0.0034315117819975565,0,3282
29,large_population_first,0.0022950699172640523,0.003725311260577121,0,3554
30,large_population_first,0.0024944594770515177,0.004049450541487096,0,3869
31,large_population_first,0.0027085126843553664,0.004400161048202858,0,4182
32,large_population_first,0.0029402572266087465,0.004777240659990494,0,4557
33,large_population_first,0.003183496653180489,0.005175753464816617,0,4957
34,large_population_first,0.0034471215062003807,0.0056064883566269525,0,5355
35,large_population_first,0.0037317091262577887,0.0060672697410387106,0,5812
36,large_population_first,0.004037182536085847,0.006557431314416422,0,6303
37,large_population_first,0.0043646065510098975,0.007089708119080635,0,6817
38,large_population_first,0.004719844099165195,0.007670493621767964,0,7406
39,large_population_first,0.005104190905464152,0.008284347935584094,0,8026
40,large_population_first,0.005516967021698565,0.008948089632781146,0,8651
41,large_population_first,0.005957864597258822,0.00966285361236509,0,9333
42,large_population_first,0.006434196240365889,0.010419554469060253,0,10088
43,large_population_first,0.0069494642784949465,0.011227272865679474,0,10875
44,large_population_first,0.0075032967555756554,0.012114791941484989,0,11766
45,large_population_first,0.008096604531778807,0.013059731186478662,0,12722
46,large_population_first,0.008734352459635426,0.014062067740821766,0,13712
47,large_population_first,0.009418554859920264,0.015151677605447842,1,14842
48,large_population_first,0.010159128515209134,0.016318468256142252,1,15986
49,large_population_first,0.01095239162606658,0.01756842108083293,1,17231
50,large_population_first,0.011802847293820288,0.018901874177736228,1,18598
51,large_population_first,0.01271746180644728,0.0203312720690945,1,20097
52,large_population_first,0.0136997759727343,0.021887909041734783,1,21667
53,large_population_first,0.014757936395706776,0.02353786615086901,1,23336
54,large_population_first,0.015893726512488958,0.025294647910178925,1,25154
55,large_population_first,0.017115177394310226,0.027172481303152564,1,27088
56,large_population_first,0.018426548300526566,0.029191815404305883,1,29085
57,large_population_first,0.01982737780427245,0.0313317648667128,1,31271
58,large_population_first,0.021337153761344728,0.03364708039321731,2,33734
59,large_population_first,0.022956183890331317,0.03610273883606815,2,36323
60,large_population_first,0.024700607765502845,0.03874976129661838,2,39145
61,large_population_first,0.026571349200087538,0.04157094146729742,2,42148
62,large_population_first,0.028579004894529986,0.04460359433255803,2,45210
63,large_population_first,0.030733737132116783,0.04783986608844678,2,48684
64,large_population_first,0.033048579981352195,0.05128526320014073,2,52360
65,large_population_first,0.035530808073683556,0.05495218912138685,2,56258
66,large_population_first,0.0381951759484079,0.05888196837248692,2,60487
67,large_population_first,0.04104591856412423,0.06305737442727728,2,65179
68,large_population_first,0.04412371605087047,0.06752723834528127,2,69971
69,large_population_first,0.047423312305610366,0.07232223728362022,2,75410
70,large_population_first,0.05096037051327912,0.07744408707025638,2,81105
71,large_population_first,0.054746617961319875,0.08288664581338742,2,87130
72,large_population_first,0.05881266709848672,0.08872424757906881,2,93600
73,large_population_first,0.06316583336646259,0.09490599214194825,3,100686
74,large_population_first,0.06783272334710508,0.10154083835955108,3,108033
75,large_population_first,0.07284543964811278,0.10858014782238604,3,115903
76,large_population_first,0.07822222822335664,0.11611542834340732,3,124363
77,large_population_first,0.08397792486093827,0.12410881291175317,3,133666
78,large_population_first,0.09013142681182945,0.1326602460281382,3,143506
79,large_population_first,0.09673200427591937,0.1417854510776921,3,154111
80,large_population_first,0.10381591529763635,0.15150425575467374,4,165373
81,large_population_first,0.11137495411638912,0.16180172528605205,4,177372
82,large_population_first,0.11949013040733795,0.17280257023302706,4,190149
83,large_population_first,0.1282025300207631,0.18457990735239854,4,203761
84,large_population_first,0.13753139534832926,0.19708737944064028,4,218500
85,large_population_first,0.14751294949319468,0.21047791755136872,4,234261
86,large_population_first,0.1581915818986339,0.22469103227583181,4,251260
87,large_population_first,0.1696375420459832,0.23986059346502395,5,269417
88,large_population_first,0.18188428746048435,0.25603483299065616,6,288751
89,large_population_first,0.19499330170417614,0.2732468080332656,7,309484
90,large_population_first,0.20901561105598623,0.2915553352936313,8,331683
91,large_population_first,0.22400858115722105,0.31110892863447054,8,355396
92,large_population_first,0.24003448839481167,0.3318764325636427,8,380919
93,large_population_first,0.25717549706778536,0.3539920165390919,8,408464
94,large_population_first,0.27549980347240566,0.37755245151492267,9,437851
95,large_population_first,0.2950995230522821,0.4026541457558564,9,468987
96,large_population_first,0.31604550256581176,0.42935846723963567,10,502121
97,large_population_first,0.33841547022272694,0.4577888846638841,11,537769
98,large_population_first,0.3623665053440349,0.4881411864658328,11,576180
99,large_population_first,0.3878899937232205,0.52032648308073,11,617041
100,large_population_first,0.41516474760836414,0.5546735708702086,11,660369
101,large_population_first,0.4442938161134357,0.5912289346983207,12,706490
102,large_population_first,0.475427006234364,0.6301425106082367,12,755828
103,large_population_first,0.5086177357279802,0.6714342418936566,15,808659
104,large_population_first,0.5439908563971461,0.7153179118301343,15,864455
105,large_population_first,0.5817586187042365,0.7620443957600105,15,924546
106,large_population_first,0.6220190764806711,0.8117562854980289,15,988441
107,large_population_first,0.6649240622065334,0.8645272422384116,16,1056901
108,large_population_first,0.7106471386597304,0.9206158587175992,16,1130292
109,large_population_first,0.7593437276181552,0.9801371127260438,17,1208083
110,large_population_first,0.8111475916835619,1.0433108895247087,18,1291067
111,large_population_first,0.8662991427161684,1.1103997173231996,19,1379417
112,large_population_first,0.9249938965819966,1.1816038500871464,19,1472964
113,large_population_first,0.9874015303837996,1.257026980934254,19,1571731
114,large_population_first,1.0537558733515664,1.3370983911332177,20,1677030
115,large_population_first,1.124247459388171,1.4219428554448885,20,1789115
116,large_population_first,1.199064260083295,1.5115667105222181,20,1908166
117,large_population_first,1.2784451801521106,1.6064500893090856,22,2035059
118,large_population_first,1.3627580114490245,1.706934031256175,23,2169765
119,large_population_first,1.4454406919031797,1.8053863565850992,25,2301319
120,large_population_first,1.5266022833824426,1.9018859716229493,28,2430098
121,large_population_first,1.6062190358342696,1.9965061898262035,30,2556287
122,large_population_first,1.6843412957983226,2.0891949629851916,32,2679773
123,large_population_first,1.7609481276355545,2.1800667092168466,32,2801440
124,large_population_first,1.8361047933395334,2.269052326877151,33,2920735
125,large_population_first,1.9098669452548294,2.3562247990151115,33,3038173
126,large_population_first,1.982232826537443,2.4416753056801377,35,3153105
127,large_population_first,2.053167446076849,2.5252671144934244,36,3265965
128,large_population_first,2.12279680294371,2.6073157253301926,36,3376488
129,large_population_first,2.19103176954671,2.6875650528026216,37,3485176
130,large_population_first,2.257919362629181,2.766163049343097,39,3591740
131,large_population_first,2.328803231848063,2.849116504396372,41,3704287
132,large_population_first,2.403789754764946,2.9366275971510274,43,3823509
133,large_population_first,2.4831098872158397,3.0290132200119397,43,3949516
134,large_population_first,2.567003154022242,3.1262338888820054,45,4082938
135,large_population_first,2.6556848853091837,3.2287039597380187,46,4223944
136,large_population_first,2.742608926751553,3.3290349255452063,46,4361495
137,large_population_first,2.8277760592229586,3.427175806045382,47,4496726
138,large_population_first,2.9112765215485457,3.5232992684299873,47,4629871
139,large_population_first,2.99309559259994,3.6173666185183877,48,4759029
140,large_population_first,3.0732280594429384,3.7092627056945604,48,4887038
141,large_population_first,3.151708108445223,3.7992543913763535,48,5012035
142,large_population_first,3.228688338954209,3.887427537825133,48,5134276
143,large_population_first,3.3040844874852353,3.9736500638924803,48,5253341
144,large_population_first,3.3779388215188075,4.057996579005523,48,5370510
145,large_population_first,3.450291913837036,4.140411513674495,48,5485579
146,large_population_first,3.5211685736919143,4.221155088204972,48,5598184
147,large_population_first,3.590588707707522,4.300097682175107,49,5708625
148,large_population_first,3.6586295409303253,4.377334310183271,49,5816229
149,large_population_first,3.72520423433723,4.452840210051909,49,5921921
150,large_population_first,3.7955388156017626,4.532243397859186,49,6033339
151,large_population_first,3.8698267505928237,4.615875734565073,49,6151277
152,large_population_first,3.9482343632094543,4.703895502757003,50,6275625
153,large_population_first,4.030991783648897,4.796519514585374,50,6407276
154,large_population_first,4.118379655448435,4.894030193248919,50,6546058
155,large_population_first,4.203894895491035,4.989380820440191,51,6681813
156,large_population_first,4.287714095999201,5.082686538681241,52,6815016
157,large_population_first,4.369711126121557,5.173830601083294,53,6945491
158,large_population_first,4.44998707647216,5.262981268907369,53,7072283
159,large_population_first,4.528605569504182,5.350104274694209,54,7197072
160,large_population_first,4.605574312283059,5.435343693869521,55,7318840
161,large_population_first,4.6809410518790076,5.5186816524393585,55,7438468
162,large_population_first,4.754740766495502,5.600306940885897,55,7555334
163,large_population_first,4.826939799960886,5.679971998180472,55,7670386
164,large_population_first,4.897679497261672,5.757948229974175,55,7783175
165,large_population_first,4.966899968089584,5.834088470506877,55,7892979
166,large_population_first,5.034645513145761,5.908705248895666,55,8001125
167,large_population_first,5.100980113995118,5.981466077122397,55,8106872
168,large_population_first,5.17100226786733,6.058072779124097,55,8218057
169,large_population_first,5.244808497382899,6.138670206145089,55,8335099
170,large_population_first,5.322712825379287,6.223629485831378,56,8458442
171,large_population_first,5.4048353820408135,6.312807054122545,57,8588765
172,large_population_first,5.491426025701142,6.406665918704603,58,8726732
173,large_population_first,5.5761761703953425,6.4984927449854055,59,8860808
174,large_population_first,5.6590180947730735,6.588244228567652,60,8992365
175,large_population_first,5.740177596789685,6.676136384381175,60,9121206
176,large_population_first,5.819632572338627,6.761954827742704,60,9247592
177,large_population_first,5.897388826822773,6.845879702704181,60,9370714
178,large_population_first,5.973476539779475,6.9279778633281195,60,9492237
179,large_population_first,6.048008134692486,7.008188941797155,60,9610559
180,large_population_first,6.120949207952755,7.08673467001584,61,9726486
181,large_population_first,6.192329131034715,7.163702536716227,61,9839555
182,large_population_first,6.262153037778934,7.238767985132115,61,9950917
183,large_population_first,6.330477609665205,7.312260246623065,61,10059676
184,large_population_first,6.397416777768801,7.384187321191242,62,10165853
185,large_population_first,6.46800107571987,7.459871336291256,62,10277688
186,large_population_first,6.542322526696953,7.539476499431425,63,10395949
187,large_population_first,6.620691738682098,7.6232734981816614,63,10519760
188,large_population_first,6.7032610466117575,7.711461860135207,63,10650477
189,large_population_first,6.790362157188374,7.804511773137062,63,10788726
190,large_population_first,6.875502337528046,7.895397924275367,63,10923817
191,large_population_first,6.958880070204971,7.984339627469081,63,11055928
192,large_population_first,7.040457630884489,8.071360777461585,64,11185288
193,large_population_first,7.120286498047428,8.156517070117436,64,11311722
194,large_population_first,7.198441276539975,8.239779820921875,64,11435833
195,large_population_first,7.2748699073310155,8.321190537306677,64,11556766
196,large_population_first,7.349686623481394,8.40088475709521,64,11676051
197,large_population_first,7.422933515654373,8.47891185848285,64,11792117
198,large_population_first,7.494638933785868,8.555158603039374,64,11905711
199,large_population_first,7.564766866527315,8.629809777806377,64,12017043
200,large_population_first,7.633399889613223,8.702787053420463,64,12125702
201,large_population_first,7.700514201605628,8.77426451705537,64,12231857
202,large_population_first,7.771280830330852,8.849520012593485,64,12344454
203,large_population_first,7.845844353666349,8.928781540256388,64,12462480
204,large_population_first,7.924381342066811,9.012347334525288,64,12586913
205,large_population_first,8.007093810168982,9.100244394014007,64,12717953
206,large_population_first,8.094261515731976,9.19296361642092,64,12856598
207,large_population_first,8.179557036020476,9.28359435110005,64,12992254
208,large_population_first,8.262945069023836,9.372172398600313,64,13125020
209,large_population_first,8.344604070597821,9.459046896074721,64,13254434
210,large_population_first,8.42453476259971,9.544024229179088,64,13380509
211,large_population_first,8.50265542970278,9.62708526767288,64,13503904
212,large_population_first,8.579111550719679,9.70839598455036,64,13624968
213,large_population_first,8.653913457972624,9.787910402886368,64,13743682
214,large_population_first,8.727143650040826,9.865898996867118,64,13858881
215,large_population_first,8.798806940638869,9.942212101055404,64,13972846
216,large_population_first,8.868913771493428,10.01687789916686,64,14084432
217,large_population_first,8.937518617646552,10.089946391395918,64,14193300
218,large_population_first,9.004622701291987,10.161447479307533,64,14299501
219,large_population_first,9.075343672224905,10.23683650715978,64,14411724
220,large_population_first,9.149782381757957,10.316341077885465,64,14529822
221,large_population_first,9.228183166484655,10.400064245808204,64,14654255
222,large_population_first,9.310771395851472,10.488428893749967,64,14785185
223,large_population_first,9.397758472624997,10.581481934209634,64,14922956
224,large_population_first,9.482830141222093,10.672584319126406,64,15057928
225,large_population_first,9.566042177785917,10.761758732760565,64,15190593
226,large_population_first,9.647528611453534,10.849045430978267,64,15320007
227,large_population_first,9.727213334542789,10.934541523660485,64,15445964
228,large_population_first,9.805178813509249,11.01819279877199,64,15569579
229,large_population_first,9.881421946756817,11.100030536143397,64,15690534
230,large_population_first,9.95610059703143,11.180182933370991,64,15808462
231,large_population_first,10.029130768094658,11.258586126688684,64,15924234
232,large_population_first,10.100566475938301,11.335442859124976,64,16037476
233,large_population_first,10.170398443434387,11.410587217990535,64,16148190
234,large_population_first,10.238764193808397,11.484165830014138,64,16256219
235,large_population_first,10.305651745541178,11.556151643667013,64,16361983
236,large_population_first,10.376066962908437,11.632091283594011,64,16473896
237,large_population_first,10.450231005878738,11.712170332533223,64,16591302
238,large_population_first,10.528319314083072,11.796727803663224,64,16714015
239,large_population_first,10.610513560424266,11.885813203682458,64,16844076
240,large_population_first,10.697100894626992,11.97970842533886,64,16981577
241,large_population_first,10.781750149708735,12.07164468888012,64,17116289
242,large_population_first,10.864587010134525,12.161747375513174,64,17247320
243,large_population_first,10.945639606664791,12.249882823348226,64,17375000
244,large_population_first,11.024964272863073,12.336215631718225,64,17500501
245,large_population_first,11.102532351462841,12.42073679764457,64,17622931
246,large_population_first,11.17842436828391,12.503427972125982,64,17742658
247,large_population_first,11.252637204243157,12.5843292545565,64,17860345
248,large_population_first,11.325190345760769,12.663474839089877,64,17975320
249,large_population_first,11.396195320472053,12.741012375231767,64,18087906
250,large_population_first,11.465602221484236,12.816874318298549,64,18197643
251,large_population_first,11.533519605819324,12.891174991182138,64,18305139
252,large_population_first,11.600005082668218,12.963943600520155,64,18410793
253,large_population_first,11.669959091845318,13.040687916064114,64,18521823
254,large_population_first,11.743661990248055,13.121576449092615,64,18638554
255,large_population_first,11.821252921300347,13.206968565844598,64,18760767
256,large_population_first,11.902902521613186,13.296906347044954,64,18890466
257,large_population_first,11.988790097116773,13.391708394312568,64,19026494
258,large_population_first,12.072764033186928,13.484502522401677,64,19159521
259,large_population_first,12.155019091337994,13.575481302641366,64,19290048
260,large_population_first,12.235426930013777,13.664361076746477,64,19417232
261,large_population_first,12.31404942603173,13.751393003527943,64,19541708
262,large_population_first,12.390982678728353,13.836613364766789,64,19663790
263,large_population_first,12.46630590178034,13.920094065201287,64,19783218
264,large_population_first,12.539907924097696,14.001639153363,64,19899556
265,large_population_first,12.61182474685776,14.081381729443102,64,20014230
266,large_population_first,12.682233891701227,14.159611078062802,64,20125861
267,large_population_first,12.751181141193458,14.236214946587893,64,20234597
268,large_population_first,12.818593768953273,14.3112417341574,64,20341356
269,large_population_first,12.884473797800036,14.384572127289077,64,20445208
270,large_population_first,12.953800343590288,14.461824570624064,64,20555753
271,large_population_first,13.026775156745867,14.54333595222954,64,20671279
272,large_population_first,13.103577427310293,14.629180668831019,64,20792730
273,large_population_first,13.184419246182618,14.719647317402021,64,20920850
274,large_population_first,13.269547802622318,14.815188903271574,64,21056228
275,large_population_first,13.352778149273231,14.90854243306866,64,21187855
276,large_population_first,13.434214394617193,15.000027348553022,64,21316838
277,large_population_first,13.513799187544352,15.089427084482747,64,21442750
278,large_population_first,13.591659857261753,15.176919524699992,64,21565664
279,large_population_first,13.667830218264111,15.262604875915624,64,21685520
280,large_population_first,13.742338423522801,15.346438353650566,64,21803034
281,large_population_first,13.815224942958,15.428545728058596,64,21918740
282,large_population_first,13.88650373756094,15.508901879662337,64,22031988
283,large_population_first,13.956185800252607,15.587413554045419,64,22141819
284,large_population_first,14.024412349217162,15.6643733289193,64,22250113
285,large_population_first,14.091104791162648,15.73966221526427,64,22355637
286,large_population_first,14.16124370080997,15.819003749125637,64,22466961
287,large_population_first,14.23496564767408,15.90241117366894,64,22583992
288,large_population_first,14.312657259673632,15.99040065946776,64,22707330
289,large_population_first,14.394319664292384,16.08291812510514,64,22836143
290,large_population_first,14.480298529972195,16.180400426441423,64,22971826
291,large_population_first,14.564347215775676,16.275805651181173,64,23103891
292,large_population_first,14.646549941284638,16.369041260013848,64,23233710
293,large_population_first,14.726913820662318,16.460352307891462,64,23361063
294,large_population_first,14.805500027361912,16.549625280236366,64,23485281
295,large_population_first,14.882368963097136,16.63693011766927,64,23607385
296,large_population_first,14.957562181898611,16.722438674969837,64,23725940
297,large_population_first,15.031130417633559,16.806126735688792,64,23842466
298,large_population_first,15.103000300374887,16.887824414235364,64,23956087
299,large_population_first,15.173288052093787,16.967762345459036,64,24067438
300,large_population_first,15.24207779105819,17.046144231530228,64,24175893
301,large_population_first,15.309357921731522,17.12274389328079,64,24281797
302,large_population_first,15.38011736440345,17.20332851225197,64,24393828
303,large_population_first,15.454510727504086,17.288180087123145,64,24511396
304,large_population_first,15.532779833413578,17.37742093165941,64,24634796
305,large_population_first,15.615096173747784,17.471342654220603,64,24764559
306,large_population_first,15.701628602087219,17.570216840306692,64,24901502
307,large_population_first,15.786338497764856,17.667033229734688,64,25035047
308,large_population_first,15.869145880939055,17.761645480832136,64,25165533
309,large_population_first,15.950002882635124,17.85404388818495,64,25293072
310,large_population_first,16.02914317271683,17.944428495056513,64,25418190
311,large_population_first,16.10653277111834,18.03288906894017,64,25540317
312,large_population_first,16.182242055203726,18.11936714123207,64,25659713
313,large_population_first,16.25627040873204,18.203978982485875,64,25777106
314,large_population_first,16.32871393396799,18.28680085381885,64,25891274
315,large_population_first,16.39950346924843,18.367656390749936,64,26003000
316,large_population_first,16.468669116766588,18.446734343090196,64,26112061
317,large_population_first,16.536303183526297,18.523973665942368,64,26218365
318,large_population_first,16.602438986698825,18.59955237496061,64,26322615
319,large_population_first,16.671968564419146,18.67899658081593,64,26432558
320,large_population_first,16.74510719327385,18.762592185199118,64,26547968
321,large_population_first,16.822040987336838,18.8504971099137,64,26669226
322,large_population_first,16.902986024303484,18.942968323194112,64,26797087
323,large_population_first,16.988087258525685,19.040104199655858,64,26931377
324,large_population_first,17.07124349920077,19.135007102341703,64,27062337
325,large_population_first,17.15254721436027,19.22772191987031,64,27190448
326,large_population_first,17.232035337140992,19.318245073970846,64,27316272
327,large_population_first,17.309807869827587,19.406867761596686,64,27439681
328,large_population_first,17.38580339065948,19.493555624450785,64,27559986
329,large_population_first,17.46011783926668,19.578333561566545,64,27677280
330,large_population_first,17.53277920739183,19.661127404473973,64,27792246
331,large_population_first,17.603828285202564,19.742087355961594,64,27904287
332,large_population_first,17.67324285085747,19.82108358946945,64,28013724
333,large_population_first,17.741117330641227,19.898311740010737,64,28121293
334,large_population_first,17.807533095454755,19.97387733532298,64,28225548
335,large_population_first,17.877318474662033,20.053271197908813,64,28336004
336,large_population_first,17.950684979167345,20.136634699969303,64,28451767
337,large_population_first,18.027865238395947,20.224063289878014,64,28573516
338,large_population_first,18.10900955851016,20.315958902719167,64,28701667
339,large_population_first,18.194265863525356,20.412479810549105,64,28836724
340,large_population_first,18.277663513857796,20.506780501166396,64,28967403
341,large_population_first,18.359199329984126,20.598904376538076,64,29096195
342,large_population_first,18.438905801629463,20.68903187728602,64,29222112
343,large_population_first,18.516754030105243,20.776954066680073,64,29344920
344,large_population_first,18.5929492475085,20.862923450916778,64,29465254
345,large_population_first,18.66745592653948,20.946870273372515,64,29582840
346,large_population_first,18.74028278679501,21.028927217732548,64,29697711
347,large_population_first,18.81147160174902,21.109025463854074,64,29809747
348,large_population_first,18.88102031082688,21.187294657860022,64,29919327
349,large_population_first,18.949275265164143,21.26390908495013,64,30026918
350,large_population_first,19.017104753989262,21.339748144556843,64,30131522
351,large_population_first,19.09985478708897,21.42972979626856,64,30241936
352,large_population_first,19.188763944659215,21.52590994050086,64,30357406
353,large_population_first,19.28437537801164,21.628737128356,64,30479296
354,large_population_first,19.383916631627333,21.73584184980917,64,30607390
355,large_population_first,19.487425098160315,21.847173440404255,64,30742135
356,large_population_first,19.592132380902388,21.959087906273126,64,30873384
357,large_population_first,19.698326167118516,22.071960532840333,64,31001827
358,large_population_first,19.806656097703822,22.186339182978717,64,31128113
359,large_population_first,19.914007969699654,22.299325018080975,64,31250240
360,large_population_first,20.017208928373666,22.408098480862478,64,31370555
361,large_population_first,20.118711112232546,22.514873275673203,64,31488931
362,large_population_first,20.219595739319573,22.620783102260486,64,31603995
363,large_population_first,20.32318178354504,22.728794523326414,64,31716151
364,large_population_first,20.430274308986103,22.83944352544365,64,31826249
365,large_population_first,20.54106133984089,22.953108026041722,64,31933373
366,large_population_first,20.65228757278836,23.066784487405855,64,32037383
367,large_population_first,20.769436064655675,23.186349373767417,64,32146851
368,large_population_first,20.894416132143178,23.3135019103577,64,32262256
369,large_population_first,21.0253642937082,23.446286968097297,64,32383408
370,large_population_first,21.1653368293556,23.587859288114362,64,32510290
371,large_population_first,21.316750052439723,23.740264696329405,64,32643908
372,large_population_first,21.470862660858383,23.894684119228472,64,32774309
373,large_population_first,21.63231597580429,24.05527194626197,64,32901358
374,large_population_first,21.802747388738123,24.223590135340903,64,33026030
375,large_population_first,21.97519421845774,24.39328706519785,64,33147568
376,large_population_first,22.14501187152368,24.560163056078512,64,33266001
377,large_population_first,22.324876218187843,24.73578268476047,64,33382663
378,large_population_first,22.507293823045412,24.913357835035708,64,33495516
379,large_population_first,22.69481884796898,25.095161592231236,64,33605876
380,large_population_first,22.902243411828092,25.294611118412142,64,33713715
381,large_population_first,23.115062004584836,25.498660794973297,64,33819133
382,large_population_first,23.340745675734922,25.714669235584054,64,33929544
383,large_population_first,23.568064131070102,25.932421621742737,64,34045308
384,large_population_first,23.805066101214067,26.159263520881204,64,34166646
385,large_population_first,24.053990928760836,26.397233296495678,64,34293202
386,large_population_first,24.314215411210473,26.64574203322539,64,34425782
387,large_population_first,24.586496165766423,26.905407575735595,64,34565487
388,large_population_first,24.866368447455002,27.17156155715658,64,34700680
389,large_population_first,25.1518245947428,27.442307609985956,64,34832720
390,large_population_first,25.440239156867687,27.715360229687473,64,34961057
391,large_population_first,25.73781678966504,27.996373782768774,64,35086103
392,large_population_first,26.040988178952823,28.28199702060399,64,35207875
393,large_population_first,26.345101063908526,28.568144951724896,64,35326700
394,large_population_first,26.647894012139727,28.85266886913984,64,35442119
395,large_population_first,26.950397567737205,29.136566800983218,64,35554965
396,large_population_first,27.247801323448197,29.4154907619912,64,35664987
397,large_population_first,27.538222314638848,29.687799981948586,64,35771537
398,large_population_first,27.835557992357543,29.96604305384226,64,35875347
399,large_population_first,28.14511008836555,30.255486111745295,64,35983374
400,large_population_first,28.47833612083081,30.566466301745464,64,36096379
401,large_population_first,28.82860601770599,30.893010585824744,64,36212873
402,large_population_first,29.193735295035847,31.233158896181756,64,36334595
403,large_population_first,29.573490021709638,31.58655590285397,64,36461344
404,large_population_first,29.963775780266698,31.949620232232554,64,36592320
405,large_population_first,30.355454822752776,32.313822812683085,64,36728784
406,large_population_first,30.74470056008754,32.675472072397405,64,36860817
407,large_population_first,31.12482192768155,33.02848710547789,64,36990662
408,large_population_first,31.499476035005273,33.37618611466086,64,37116399
409,large_population_first,31.875574358955166,33.7248009473613,64,37238210
410,large_population_first,32.246315967582845,34.068275908819274,64,37356372
411,large_population_first,32.613891058962885,34.40843273183487,64,37472395
412,large_population_first,32.973237375712614,34.740929158203066,64,37584197
413,large_population_first,33.327420314162254,35.06842284560653,64,37693017
414,large_population_first,33.68220686922296,35.39619529813412,64,37798458
415,large_population_first,34.04496498580608,35.73098229987382,64,37908070
416,large_population_first,34.40599452315822,36.06420205223731,64,38021825
417,large_population_first,34.76940636972985,36.39936099617281,64,38139104
418,large_population_first,35.135125598472506,36.73655900210804,64,38260723
419,large_population_first,35.50512556567015,37.07738124417151,65,38387169
420,large_population_first,35.8820822456381,37.42424983171673,65,38518034
421,large_population_first,36.26743765277801,37.778562740613104,65,38654032
422,large_population_first,36.65854873276672,38.137756997002526,65,38786487
423,large_population_first,37.058154356262996,38.50442619209897,65,38914185
424,large_population_first,37.465072050307114,38.87736514891683,65,39038625
425,large_population_first,37.87180036726001,39.24979519815417,65,39159324
426,large_population_first,38.28918018229914,39.631627666174204,65,39276332
427,large_population_first,38.71851871052504,40.02418939166485,65,39390741
428,large_population_first,39.16008965174193,40.42750804343245,65,39501377
429,large_population_first,39.61473609256872,40.842417886263554,65,39609303
430,large_population_first,40.081285022534125,41.26794097233116,65,39714060
431,large_population_first,40.564496583985715,41.708225764363284,65,39822554
432,large_population_first,41.05538266744548,42.06797994526829,65,39934783
433,large_population_first,41.56508792167935,42.217701994609726,65,40051187
434,large_population_first,42.088429173326574,42.371650346917384,65,40172105
435,large_population_first,42.6246427661319,42.52972389267749,65,40297100
436,large_population_first,43.16139992793225,42.689471404478596,65,40425222
437,large_population_first,43.71103989347637,42.85353590152865,65,40557967
438,large_population_first,44.264448509989734,43.01639145089419,65,40686813
439,large_population_first,44.818757886362526,43.17757333369304,65,40812085
440,large_population_first,45.389516878041874,43.340122094376326,65,40932796
441,large_population_first,45.972544684738665,43.50314637419278,65,41049155
442,large_population_first,46.56414180613581,43.66604552058183,65,41161606
443,large_population_first,47.169375928579505,43.82992235342858,65,41270433
444,large_population_first,47.78565080748202,43.99422591585408,65,41375995
445,large_population_first,48.41568126599126,44.162608764011566,65,41482670
446,large_population_first,49.067111777594505,44.33654934086104,65,41590630
447,large_population_first,49.73059957287074,44.51424876779478,65,41699439
448,large_population_first,50.40644959136192,44.69603454443772,65,41809964
449,large_population_first,51.10532737403478,44.883773636103506,65,41921657
450,large_population_first,51.84734401743754,45.081305627330025,66,42034123
451,large_population_first,52.635211461099274,45.289260527157786,66,42147518
452,large_population_first,53.456017083036755,45.50506309711757,66,42260506
453,large_population_first,54.2911288485248,45.725383808175785,66,42374416
454,large_population_first,55.12942751019592,45.94821464621536,66,42488159
455,large_population_first,55.98551352480859,46.17642715849406,66,42602146
456,large_population_first,56.86662573253269,48.647346853629436,66,42715866
457,large_population_first,57.77736433011539,53.55942749820568,66,42830076
458,large_population_first,58.686654682706134,58.46347620941749,67,42944686
459,large_population_first,59.58076031078183,62.36080095889564,67,43058344
460,large_population_first,60.4784284770648,62.7361139449959,67,43171724
461,large_population_first,61.38311797231749,63.11200966572704,68,43284050
462,large_population_first,62.301341405604674,63.39055742115961,68,43395637
463,large_population_first,63.22467597373609,63.58199061874094,69,43506417
464,large_population_first,64.15771824549341,64.03695826794079,69,43615494
465,large_population_first,65.11398853992232,64.81961987380761,70,43723213
466,large_population_first,66.09313783007293,65.30334447230022,70,43829718
467,large_population_first,67.08010174775829,65.5379792142954,71,43934341
468,large_population_first,68.09276437133424,65.77479862644387,71,44036089
469,large_population_first,69.10599676903905,66.34565024991285,72,44136217
470,large_population_first,70.11302544948668,67.30788010968863,73,44233481
471,large_population_first,71.08500239637043,68.50143894409936,74,44327565
472,large_population_first,72.02714054697006,71.64865987519516,75,44418707
473,large_population_first,72.95148342612389,71.78348875184666,76,44507453
474,large_population_first,73.85817074533172,72.12934982142691,77,44593107
475,large_population_first,74.74149156745938,72.40515576360939,78,44675586
476,large_population_first,75.61072807030807,72.62256980429214,79,44755112
477,large_population_first,76.47502996550699,72.92373210738081,80,44832278
478,large_population_first,77.36142766624296,73.51405401907186,82,44905977
479,large_population_first,78.25480309332451,76.36619044692902,83,44976362
480,large_population_first,79.156271884761,78.0557196969619,85,45043978
481,large_population_first,80.07672797610029,81.20754491008752,86,45108623
482,large_population_first,81.01519067161361,82.12323900748503,88,45170375
483,large_population_first,81.98802228006649,82.38985556975089,91,45228353
484,large_population_first,83.0017318223823,83.95765725320612,93,45283493
485,large_population_first,84.03423389543599,85.11467110379408,96,45335795
486,large_population_first,85.11233166594313,85.40840301000587,99,45385341
487,large_population_first,86.18500351758948,86.85910449210233,103,45432279
488,large_population_first,87.24852999846779,87.88678690244724,107,45476060
489,large_population_first,88.29347314962303,88.29686851321273,111,45517078
490,large_population_first,89.31728643522099,88.45580329738695,115,45555923
491,large_population_first,90.31560973771695,89.78311529162413,121,45592379
492,large_population_first,91.31079870653703,90.39075143600104,127,45626055
493,large_population_first,92.30207469943558,91.25694025792758,135,45657697
494,large_population_first,93.33436617231838,91.72555337741913,145,45686739
495,large_population_first,94.38151114546409,93.0670591450232,160,45713903
496,large_population_first,95.46838783080388,95.23756212824208,183,45738902
497,large_population_first,96.26057314387735,96.37929583988928,235,45762414
498,large_population_first,96.27459631417548,96.39485235670556,235,45784222
499,large_population_first,96.28761967880634,96.40927424022483,235,45804575
500,large_population_first,96.29967312416791,96.42264337409475,235,45823309
501,large_population_first,96.31089289712226,96.43514093094726,235,45840618
502,large_population_first,96.32130599616627,96.44666229124019,235,45856692
503,large_population_first,96.33096630975359,96.45736415427137,235,45871734
504,large_population_first,96.33993978651837,96.46729369715719,235,45885609
505,large_population_first,96.34829031872046,96.47655248637513,235,45898658
506,large_population_first,96.3560402901273,96.48513858927775,235,45910663
507,large_population_first,96.36321453993712,96.49309872319807,235,45921673
508,large_population_first,96.36987835969849,96.50050118701985,235,45931915
509,large_population_first,96.37607162450317,96.5073563953803,235,45941329
510,large_population_first,96.38180515213321,96.51372706372126,235,45950287
511,large_population_first,96.38714130541075,96.51963555270908,235,45958468
512,large_population_first,96.39209370480643,96.52512472743244,235,45965854
513,large_population_first,96.39668421083933,96.53024316432322,235,45973024
514,large_population_first,96.40095910489002,96.5350201357358,235,45979551
515,large_population_first,96.40492993835424,96.53944716093623,235,45985929
516,large_population_first,96.40861024669869,96.54352354470937,235,45991520
517,large_population_first,96.41203929502348,96.54732344481714,235,45996778
518,large_population_first,96.41521199919927,96.5508324805832,235,46001644
519,large_population_first,96.41815965199764,96.55409863920487,235,46006177
520,large_population_first,96.42090020975856,96.55715003060034,235,46010448
521,large_population_first,96.42344402879569,96.55996572271326,235,46014442
522,large_population_first,96.42580849243345,96.56258221447092,235,46017990
523,large_population_first,96.42801263940201,96.56502362174798,235,46021419
524,large_population_first,96.43005619098358,96.56729218374124,235,46024633
525,large_population_first,96.43194714618625,96.56938998937193,235,46027524
526,large_population_first,96.43371293807262,96.5713512209271,235,46030211
527,large_population_first,96.43533499429422,96.57315191184144,235,46032697
528,large_population_first,96.43685017808637,96.5748347090024,235,46034997
529,large_population_first,96.43825790528926,96.5763899482606,235,46037118
530,large_population_first,96.4395594143641,96.57782889516967,235,46039201
531,large_population_first,96.44077885630396,96.5791929333698,235,46041094
532,large_population_first,96.44190516046164,96.58043911803954,235,46042764
533,large_population_first,96.44295322664502,96.58160340625305,235,46044392
534,large_population_first,96.44391823211302,96.58267296661326,235,46045857
535,large_population_first,96.44483017855555,96.58368410630345,235,46047250
536,large_population_first,96.44566216150261,96.58461864575536,235,46048536
537,large_population_first,96.44644286754722,96.5854816953376,235,46049719
538,large_population_first,96.44716624686224,96.58628191114927,235,46050821
539,large_population_first,96.4478360557633,96.587025547273,235,46051840
540,large_population_first,96.44845747939392,96.58771101571826,235,46052782
541,large_population_first,96.4490331106959,96.58835094962095,235,46053621
542,large_population_first,96.44956503326497,96.58894110254597,235,46054485
543,large_population_first,96.45006612399806,96.58950041276971,235,46055267
544,large_population_first,96.45053154536613,96.59002006903341,235,46056019
545,large_population_first,96.4509611645552,96.5904904190088,235,46056721
546,large_population_first,96.45135861664387,96.5909370703479,235,46057354
547,large_population_first,96.45172947167593,96.59134911236463,235,46057929
548,large_population_first,96.45207350200495,96.5917288167382,235,46058464
549,large_population_first,96.45239308074015,96.5920843178321,235,46058934
550,large_population_first,96.4526906153878,96.59241738729807,235,46059408
551,large_population_first,96.45296373905809,96.5927231077159,235,46059841
552,large_population_first,96.45322224139265,96.59301163958813,235,46060245
553,large_population_first,96.45345942305856,96.59327330292126,235,46060595
554,large_population_first,96.45367963057878,96.59351933263802,235,46060953
555,large_population_first,96.45388435437987,96.59374605892445,235,46061277
556,large_population_first,96.45407207895023,96.59394934875179,235,46061551
557,large_population_first,96.45425230517289,96.59415364583431,235,46061854
558,large_population_first,96.45441654014677,96.59433455939016,235,46062104
559,large_population_first,96.45456976404556,96.59450521230751,235,46062332
560,large_population_first,96.45471187362435,96.59466166916872,235,46062538
561,large_population_first,96.45483991685786,96.59480084891851,235,46062743
562,large_population_first,96.45496242874367,96.59493779107758,235,46062937
563,large_population_first,96.45507679087106,96.59506427236349,235,46063117
564,large_population_first,96.45518197126978,96.59518023045494,235,46063282
565,large_population_first,96.4552776984692,96.59528605284271,235,46063433
566,large_population_first,96.45536708036606,96.59538415950823,235,46063575
567,large_population_first,96.45545144803862,96.59547713883227,235,46063704
568,large_population_first,96.45552879658543,96.59556178675625,235,46063830
569,large_population_first,96.45560308006942,96.59564644550936,235,46063942
570,large_population_first,96.4556707905266,96.59572337674417,235,46064035
571,large_population_first,96.45573289915612,96.59579487388511,235,46064130
572,large_population_first,96.45579177540945,96.59586080945614,235,46064210
573,large_population_first,96.45584451614212,96.59592197851791,235,46064302
574,large_population_first,96.45589485043939,96.59597827741706,235,46064379
575,large_population_first,96.45594273821277,96.59603088488717,235,46064444
576,large_population_first,96.45598643358302,96.59607800171185,235,46064505
577,large_population_first,96.45602691278172,96.59612029967693,235,46064572
578,large_population_first,96.45606262844157,96.5961602200274,235,46064614
579,large_population_first,96.45609709832947,96.59619944209753,235,46064671
580,large_population_first,96.4561293691807,96.59623530292338,235,46064711
581,large_population_first,96.45615864462276,96.5962673916807,235,46064754
582,large_population_first,96.45618685862637,96.59629861859149,235,46064804
583,large_population_first,96.45621372214363,96.59632823671956,235,46064844
584,large_population_first,96.45623800825301,96.59635427073204,235,46064876
585,large_population_first,96.45625935103175,96.5963784035855,235,46064910
586,large_population_first,96.4562794028199,96.59640064568995,235,46064945
587,large_population_first,96.45629833550278,96.59642154520482,235,46064972
588,large_population_first,96.4563157854443,96.59644065004376,235,46064996
589,large_population_first,96.45633149408043,96.59645851428932,235,46065018
590,large_population_first,96.45634641503393,96.59647496520738,235,46065041
591,large_population_first,96.45636152032077,96.59649123256693,235,46065056
592,large_population_first,96.45637448057822,96.59650503066754,235,46065077
593,large_population_first,96.45638671996629,96.59651911555378,235,46065094
594,large_population_first,96.45639756557827,96.596531542751,235,46065111
595,large_population_first,96.45640798485695,96.59654315405331,235,46065129
596,large_population_first,96.45641794879047,96.59655379323702,235,46065155
597,large_population_first,96.45642690143421,96.59656465704147,235,46065163
598,large_population_first,96.45643545355529,96.59657386548626,235,46065172
599,large_population_first,96.4564431161229,96.59658240449268,235,46065179
600,large_population_first,96.45645009379318,96.59659005705393,235,46065188
601,large_population_first,96.45645651470485,96.59659729612751,235,46065201
602,large_population_first,96.45646262863237,96.59660357950445,235,46065208
603,large_population_first,96.45646858769584,96.59661050100604,235,46065215
604,large_population_first,96.45647392593139,96.59661655886754,235,46065225
605,large_population_first,96.4564783626227,96.59662145834496,235,46065231
606,large_population_first,96.45648312194741,96.59662653853137,235,46065237
607,large_population_first,96.45648727334948,96.59663086827646,235,46065246
608,large_population_first,96.45649156808214,96.59663535575798,235,46065252
609,large_population_first,96.45649499770008,96.5966390174616,235,46065259
610,large_population_first,96.45649833652338,96.5966431978213,235,46065267
611,large_population_first,96.45650156011328,96.59664658449667,235,46065273
612,large_population_first,96.45650437118977,96.59664932485985,235,46065278
613,large_population_first,96.45650720807693,96.5966522004196,235,46065283
614,large_population_first,96.45650983985063,96.59665499514703,235,46065285
615,large_population_first,96.45651230202579,96.59665749518354,235,46065291
616,large_population_first,96.45651417055555,96.59665969203854,235,46065297
617,large_population_first,96.45651637325211,96.5966624425091,235,46065306
618,large_population_first,96.45651832150038,96.59666438340132,235,46065307
619,large_population_first,96.45651989549394,96.59666631935666,235,46065308
620,large_population_first,96.45652158563549,96.59666826364156,235,46065309
621,large_population_first,96.45652318498243,96.59667008990444,235,46065311
622,large_population_first,96.45652444970524,96.59667160200256,235,46065311
623,large_population_first,96.45652580430811,96.59667321421831,235,46065312
624,large_population_first,96.45652711973767,96.59667481199531,235,46065314
625,large_population_first,96.45652825494984,96.59667614483627,235,46065315
626,large_population_first,96.45652950631003,96.59667764659265,235,46065316
627,large_population_first,96.45653036959558,96.59667857448109,235,46065319
628,large_population_first,96.45653135040104,96.59667984124286,235,46065319
629,large_population_first,96.4565321887905,96.59668082569051,235,46065320
630,large_population_first,96.45653298800667,96.59668195645592,235,46065322
631,large_population_first,96.45653383884418,96.59668298726334,235,46065324
632,large_population_first,96.45653475466565,96.59668422849577,235,46065325
633,large_population_first,96.45653534739647,96.59668495850546,235,46065327
634,large_population_first,96.45653588942054,96.59668556910634,235,46065327
635,large_population_first,96.45653649551399,96.5966861386478,235,46065328
636,large_population_first,96.45653680478472,96.59668655035597,235,46065329
637,large_population_first,96.45653723066077,96.59668682134932,235,46065329
638,large_population_first,96.45653779849552,96.59668755958472,235,46065329
639,large_population_first,96.45653813403422,96.59668802998873,235,46065329
640,large_population_first,96.45653841749429,96.59668818084506,235,46065330
641,large_population_first,96.45653868850633,96.59668870023394,235,46065330
642,large_population_first,96.45653895951835,96.59668894736441,235,46065330
643,large_population_first,96.45653932086773,96.59668939519665,235,46065330
644,large_population_first,96.45653964304381,96.59668971899198,235,46065331
645,large_population_first,96.45653996567717,96.59668996448984,235,46065331
646,large_population_first,96.45654013344652,96.59669017456724,235,46065331
647,large_population_first,96.45654035283721,96.59669058269252,235,46065331
648,large_population_first,96.45654058513324,96.59669080519093,235,46065331
649,large_population_first,96.45654080452394,96.59669113511508,235,46065331
650,large_population_first,96.45654095938797,96.59669133806172,235,46065331
651,large_population_first,96.45654111425199,96.59669150183011,235,46065331
652,large_population_first,96.45654121749467,96.59669163907505,235,46065331
653,large_population_first,96.45654139816935,96.59669186923067,235,46065331
654,large_population_first,96.45654151431737,96.59669195203747,235,46065331
655,large_population_first,96.45654165581875,96.59669217214557,235,46065332
656,large_population_first,96.45654178487212,96.59669231595261,235,46065332
657,large_population_first,96.45654191392546,96.59669248753617,235,46065332
658,large_population_first,96.4565420042628,96.59669265028735,235,46065332
659,large_population_first,96.45654210750548,96.59669273571878,235,46065332
660,large_population_first,96.45654215912683,96.59669283123621,235,46065332
661,large_population_first,96.4565422236535,96.59669297870806,235,46065332
662,large_population_first,96.45654232689617,96.59669303893338,235,46065332
663,large_population_first,96.45654233980152,96.59669304414042,235,46065332
664,large_population_first,96.45654239096555,96.59669307014461,235,46065333
665,large_population_first,96.45654245549223,96.59669309318059,235,46065333
666,large_population_first,96.45654254582958,96.5966931431173,235,46065333
667,large_population_first,96.4565425974509,96.59669320139267,235,46065333
668,large_population_first,96.45654262326158,96.59669332281979,235,46065333
669,large_population_first,96.4565426619776,96.59669333461933,235,46065333
670,large_population_first,96.45654268778826,96.59669338529334,235,46065333
671,large_population_first,96.45654275231493,96.59669355714618,235,46065333
672,large_population_first,96.4565427781256,96.5966935649033,235,46065333
673,large_population_first,96.45654280393627,96.59669362404827,235,46065333
674,large_population_first,96.4565428168416,96.59669362494068,235,46065333
675,large_population_first,96.45654288136828,96.59669365240266,235,46065333
676,large_population_first,96.45654292008429,96.59669367182659,235,46065333
677,large_population_first,96.45654294589495,96.59669368910895,235,46065333
678,large_population_first,96.45654295880028,96.59669369251895,235,46065333
679,large_population_first,96.45654298461096,96.59669370528687,235,46065333
680,large_population_first,96.45654298461096,96.59669370528687,235,46065333
681,large_population_first,96.45654302332696,96.59669376297482,235,46065333
682,large_population_first,96.4565430362323,96.59669377554388,235,46065333
683,large_population_first,96.4565430362323,96.59669377554388,235,46065333
684,large_population_first,96.4565430362323,96.59669377554388,235,46065333
685,large_population_first,96.45654304913764,96.59669377781297,235,46065333
686,large_population_first,96.45654306204297,96.59669382488435,235,46065333
687,large_population_first,96.45654308785363,96.59669383999295,235,46065333
688,large_population_first,96.45654310075898,96.59669384681361,235,46065333
689,large_population_first,96.45654312656964,96.59669385365258,235,46065333
690,large_population_first,96.45654313947497,96.59669385592167,235,46065333
691,large_population_first,96.45654315238032,96.59669386863416,235,46065333
692,large_population_first,96.45654317819098,96.59669387367698,235,46065333
693,large_population_first,96.45654317819098,96.59669387367698,235,46065333
694,large_population_first,96.45654317819098,96.59669387367698,235,46065333
695,large_population_first,96.45654317819098,96.59669387367698,235,46065333
696,large_population_first,96.45654317819098,96.59669387367698,235,46065333
697,large_population_first,96.45654317819098,96.59669387367698,235,46065333
698,large_population_first,96.45654317819098,96.59669387367698,235,46065333
699,large_population_first,96.45654319109632,96.59669388638946,235,46065333
700,large_population_first,96.45654319109632,96.59669388638946,235,46065333
701,large_population_first,96.45654319109632,96.59669388638946,235,46065333
702,large_population_first,96.45654320400165,96.59669389321013,235,46065333
703,large_population_first,96.45654320400165,96.59669389321013,235,46065333
704,large_population_first,96.456543216907,96.59669389560625,235,46065333
705,large_population_first,96.456543216907,96.59669389560625,235,46065333
706,large_population_first,96.45654322981233,96.5966938973329,235,46065333
707,large_population_first,96.45654322981233,96.5966938973329,235,46065333
708,large_population_first,96.45654322981233,96.5966938973329,235,46065333
709,large_population_first,96.45654322981233,96.5966938973329,235,46065333
710,large_population_first,96.45654324271766,96.59669395213075,235,46065333
711,large_population_first,96.45654324271766,96.59669395213075,235,46065333
712,large_population_first,96.45654324271766,96.59669395213075,235,46065333
713,large_population_first,96.45654324271766,96.59669395213075,235,46065333
714,large_population_first,96.45654324271766,96.59669395213075,235,46065333
715,large_population_first,96.45654325562299,96.59669395661463,235,46065333
716,large_population_first,96.45654325562299,96.59669395661463,235,46065333
717,large_population_first,96.45654325562299,96.59669395661463,235,46065333
718,large_population_first,96.45654325562299,96.59669395661463,235,46065333
719,large_population_first,96.45654325562299,96.59669395661463,235,46065333
720,large_population_first,96.45654325562299,96.59669395661463,235,46065333
721,large_population_first,96.45654325562299,96.59669395661463,235,46065333
722,large_population_first,96.45654325562299,96.59669395661463,235,46065333
723,large_population_first,96.45654325562299,96.59669395661463,235,46065333
724,large_population_first,96.45654325562299,96.59669395661463,235,46065333
725,large_population_first,96.45654325562299,96.59669395661463,235,46065333
726,large_population_first,96.45654325562299,96.59669395661463,235,46065333
727,large_population_first,96.45654326852832,96.59669396096174,235,46065333
728,large_population_first,96.45654326852832,96.59669396096174,235,46065333
729,large_population_first,96.45654326852832,96.59669396096174,235,46065333
730,large_population_first,96.45654326852832,96.59669396096174,235,46065333
731,large_population_first,96.45654326852832,96.59669396096174,235,46065333
732,large_population_first,96.45654326852832,96.59669396096174,235,46065333
733,large_population_first,96.45654326852832,96.59669396096174,235,46065333
734,large_population_first,96.45654326852832,96.59669396096174,235,46065333
735,large_population_first,96.45654326852832,96.59669396096174,235,46065333
736,large_population_first,96.45654326852832,96.59669396096174,235,46065333
737,large_population_first,96.45654326852832,96.59669396096174,235,46065333
738,large_population_first,96.45654326852832,96.59669396096174,235,46065333
739,large_population_first,96.45654326852832,96.59669396096174,235,46065333
740,large_population_first,96.45654326852832,96.59669396096174,235,46065333
741,large_population_first,96.45654326852832,96.59669396096174,235,46065333
742,large_population_first,96.45654326852832,96.59669396096174,235,46065333
743,large_population_first,96.45654326852832,96.59669396096174,235,46065333
744,large_population_first,96.45654326852832,96.59669396096174,235,46065333
745,large_population_first,96.45654326852832,96.59669396096174,235,46065333
746,large_population_first,96.45654326852832,96.59669396096174,235,46065333
747,large_population_first,96.45654326852832,96.59669396096174,235,46065333
748,large_population_first,96.45654326852832,96.59669396096174,235,46065333
749,large_population_first,96.45654326852832,96.59669396096174,235,46065333
750,large_population_first,96.45654326852832,96.59669396096174,235,46065333
751,large_population_first,96.45654326852832,96.59669396096174,235,46065333
752,large_population_first,96.45654326852832,96.59669396096174,235,46065333
753,large_population_first,96.45654326852832,96.59669396096174,235,46065333
754,large_population_first,96.45654326852832,96.59669396096174,235,46065333
755,large_population_first,96.45654326852832,96.59669396096174,235,46065333
756,large_population_first,96.45654326852832,96.59669396096174,235,46065333
757,large_population_first,96.45654326852832,96.59669396096174,235,46065333
758,large_population_first,96.45654326852832,96.59669396096174,235,46065333
759,large_population_first,96.45654326852832,96.59669396096174,235,46065333
760,large_population_first,96.45654326852832,96.59669396096174,235,46065333
761,large_population_first,96.45654326852832,96.59669396096174,235,46065333
762,large_population_first,96.45654326852832,96.59669396096174,235,46065333
763,large_population_first,96.45654326852832,96.59669396096174,235,46065333
764,large_population_first,96.45654326852832,96.59669396096174,235,46065333
765,large_population_first,96.45654326852832,96.59669396096174,235,46065333
766,large_population_first,96.45654326852832,96.59669396096174,235,46065333
767,large_population_first,96.45654326852832,96.59669396096174,235,46065333
768,large_population_first,96.45654326852832,96.59669396096174,235,46065333
769,large_population_first,96.45654326852832,96.59669396096174,235,46065333
770,large_population_first,96.45654326852832,96.59669396096174,235,46065333
771,large_population_first,96.45654326852832,96.59669396096174,235,46065333
772,large_population_first,96.45654326852832,96.59669396096174,235,46065333
773,large_population_first,96.45654326852832,96.59669396096174,235,46065333
774,large_population_first,96.45654326852832,96.59669396096174,235,46065333
775,large_population_first,96.45654326852832,96.59669396096174,235,46065333
776,large_population_first,96.45654326852832,96.59669396096174,235,46065333
777,large_population_first,96.45654326852832,96.59669396096174,235,46065333
778,large_population_first,96.45654326852832,96.59669396096174,235,46065333
779,large_population_first,96.45654326852832,96.59669396096174,235,46065333
780,large_population_first,96.45654326852832,96.59669396096174,235,46065333
781,large_population_first,96.45654326852832,96.59669396096174,235,46065333
782,large_population_first,96.45654326852832,96.59669396096174,235,46065333
783,large_population_first,96.45654326852832,96.59669396096174,235,46065333
784,large_population_first,96.45654326852832,96.59669396096174,235,46065333
785,large_population_first,96.45654326852832,96.59669396096174,235,46065333
786,large_population_first,96.45654326852832,96.59669396096174,235,46065333
787,large_population_first,96.45654326852832,96.59669396096174,235,46065333
788,large_population_first,96.45654326852832,96.59669396096174,235,46065333
789,large_population_first,96.45654326852832,96.59669396096174,235,46065333
790,large_population_first,96.45654326852832,96.59669396096174,235,46065333
791,large_population_first,96.45654326852832,96.59669396096174,235,46065333
792,large_population_first,96.45654326852832,96.59669396096174,235,46065333
793,large_population_first,96.45654326852832,96.59669396096174,235,46065333
794,large_population_first,96.45654326852832,96.59669396096174,235,46065333
795,large_population_first,96.45654326852832,96.59669396096174,235,46065333
796,large_population_first,96.45654326852832,96.59669396096174,235,46065333
797,large_population_first,96.45654326852832,96.59669396096174,235,46065333
798,large_population_first,96.45654326852832,96.59669396096174,235,46065333
799,large_population_first,96.45654326852832,96.59669396096174,235,46065333
0,small_population_first,2.175809869933492e-05,3.547880140300733e-05,0,40
1,small_population_first,4.454252296901876e-05,7.269120477328287e-05,0,68
2,small_population_first,6.927696578493497e-05,0.00011399960915125093,0,106
3,small_population_first,9.566635852691238e-05,0.00016014479839611818,0,139
4,small_population_first,0.00012450610373854337,0.00020582881559928025,0,190
5,small_population_first,0.0001550906025502436,0.000256830937214179,0,240
6,small_population_first,0.0001885873000544092,0.0003105314182356115,0,284
7,small_population_first,0.00022307183686752773,0.0003663017190207675,0,352
8,small_population_first,0.00026161035981725445,0.00042977890115800544,0,419
9,small_population_first,0.0003031637146504603,0.0004982150489747963,0,490
10,small_population_first,0.0003468210374724923,0.0005714546032531435,0,561
11,small_population_first,0.00039362148315023047,0.0006460973415393682,0,637
12,small_population_first,0.00044525848956838835,0.0007300918493922565,0,729
13,small_population_first,0.0005010136278128894,0.0008210742815530819,0,813
14,small_population_first,0.0005605405141320752,0.0009154100547549067,0,905
15,small_population_first,0.0006248269868518939,0.0010193409920875602,0,1001
16,small_population_first,0.0006948223981832149,0.0011335258607164506,0,1110
17,small_population_first,0.0007698211487030995,0.0012550755051299906,0,1220
18,small_population_first,0.0008516834568259464,0.0013887243681227597,0,1359
19,small_population_first,0.000937933312224869,0.0015235191740339865,0,1518
20,small_population_first,0.001031572713002038,0.0016707557796693856,0,1657
21,small_population_first,0.001133461211207788,0.0018316963914161916,0,1808
22,small_population_first,0.001242097811925503,0.002002528063618294,0,2005
23,small_population_first,0.0013592914058264355,0.0021909584179514614,0,2186
24,small_population_first,0.0014869535332035758,0.002391922649277216,0,2397
25,small_population_first,0.0016249687295222034,0.0026110999030230743,0,2613
26,small_population_first,0.0017717718511425064,0.0028445062987516767,0,2843
27,small_population_first,0.0019310320198597903,0.003100018993462139,0,3109
28,small_population_first,0.002102659430788198,0.003370534889150613,0,3393
29,small_population_first,0.0022873340200355837,0.0036675596935054774,0,3670
30,small_population_first,0.0024873265464086265,0.003984449681785137,0,3977
31,small_population_first,0.0026978774186733286,0.00431342645752955,0,4289
32,small_population_first,0.002927877205231819,0.0046747403257457526,0,4653
33,small_population_first,0.00317410579703497,0.0050646081867389515,0,5024
34,small_population_first,0.0034415408875580755,0.005486310606681344,0,5422
35,small_population_first,0.003726936743513078,0.005927663391306289,0,5883
36,small_population_first,0.004036887508207029,0.00641096408132111,0,6382
37,small_population_first,0.004369366191369584,0.006927082166141043,0,6910
38,small_population_first,0.004728516602574884,0.007480309164774052,0,7481
39,small_population_first,0.0051123245957992985,0.00808031649094215,0,8107
40,small_population_first,0.005526832690542312,0.008713966200259576,0,8799
41,small_population_first,0.005969500705662567,0.00939678977507613,0,9503
42,small_population_first,0.006452080135999144,0.010148393797006517,0,10272
43,small_population_first,0.006963922848106591,0.010938313020259414,0,11088
44,small_population_first,0.007518884255353583,0.011788793739044505,0,11931
45,small_population_first,0.008109408159772827,0.01268730134307152,0,12912
46,small_population_first,0.008754430285562474,0.013669562827441662,0,13979
47,small_population_first,0.009443353762480067,0.01470621983310985,0,15063
48,small_population_first,0.010188404861648515,0.015849166017745907,0,16257
49,small_population_first,0.010981449924211234,0.017047816605337083,0,17512
50,small_population_first,0.011839821265119708,0.018347351965352882,0,18934
51,small_population_first,0.012759593046025716,0.01972922523469864,0,20386
52,small_population_first,0.01374582008270703,0.02121318240426769,1,21927
53,small_population_first,0.014806418250108122,0.022804435089798115,1,23685
54,small_population_first,0.015946698664443343,0.02450781373927177,1,25526
55,small_population_first,0.017172896556859295,0.02632370391857557,1,27536
56,small_population_first,0.018490502745653482,0.028266518464467393,1,29635
57,small_population_first,0.01990961397958151,0.030367595833069472,1,31867
58,small_population_first,0.021442931402448975,0.032619098967783956,1,34287
59,small_population_first,0.02308088473148043,0.03501690615418283,1,36905
60,small_population_first,0.02484429572669595,0.03758979206877485,1,39673
61,small_population_first,0.026735589872502817,0.04032609231198719,2,42749
62,small_population_first,0.028759757878383602,0.04326226195403534,3,46078
63,small_population_first,0.030942304500180963,0.04640951735653461,3,49670
64,small_population_first,0.03327844411288134,0.04973565137000967,3,53340
65,small_population_first,0.035782867582484314,0.05329991628905795,3,57347
66,small_population_first,0.03847818045968011,0.05710354810789445,3,61685
67,small_population_first,0.04137320833027159,0.06119770204031273,3,66062
68,small_population_first,0.04447221417224036,0.06551985746191795,3,71058
69,small_population_first,0.0477944280786318,0.07013213149603605,3,76347
70,small_population_first,0.05136225172015476,0.07507095070749885,3,82089
71,small_population_first,0.05519569908311209,0.08034539375984806,3,88178
72,small_population_first,0.059309333254110995,0.08596357511537776,3,94717
73,small_population_first,0.06371316341854938,0.09196357368631085,3,101824
74,small_population_first,0.06842858913995245,0.09834805661518874,4,109342
75,small_population_first,0.07349015134863403,0.10518879722265763,4,117580
76,small_population_first,0.07890228882200313,0.11245929395537678,4,126276
77,small_population_first,0.08470741970165219,0.12019245057324146,4,135649
78,small_population_first,0.09093841527670173,0.12848323911099646,4,145671
79,small_population_first,0.09762789172927641,0.13730727308908777,4,156409
80,small_population_first,0.10476946182199848,0.14668587548798462,5,167717
81,small_population_first,0.11242600995202834,0.1566848161884775,5,179883
82,small_population_first,0.12063654099682526,0.16735723503617936,5,192817
83,small_population_first,0.1294210010252588,0.178732852986497,6,206759
84,small_population_first,0.13884521099710184,0.19095128160983738,6,221680
85,small_population_first,0.14892397195522455,0.2039055242541239,6,237656
86,small_population_first,0.15973587606615972,0.21771541265462266,7,254855
87,small_population_first,0.171273778532735,0.2324183108687524,7,273465
88,small_population_first,0.1836705936075066,0.24804857311965667,8,293004
89,small_population_first,0.1969335964156646,0.2647733935927815,8,314594
90,small_population_first,0.21108271266076062,0.28252533829030463,8,336683
91,small_population_first,0.22622144886781673,0.30148946919418124,8,360577
92,small_population_first,0.24244824127854184,0.32167972679765655,8,386275
93,small_population_first,0.2598042709220549,0.3432479266386514,8,413812
94,small_population_first,0.2783537524905199,0.366204914447835,8,443271
95,small_population_first,0.2981895286358769,0.39061588161687816,8,475099
96,small_population_first,0.3193765778671582,0.41659272101804795,8,508662
97,small_population_first,0.34197766529509277,0.44422256572786745,8,544723
98,small_population_first,0.3661721649959677,0.4736614069794781,8,583440
99,small_population_first,0.39201720725971617,0.5050240670487589,9,624317
100,small_population_first,0.41961767610829287,0.538399754730733,9,668331
101,small_population_first,0.449087359826824,0.573967290445091,9,715446
102,small_population_first,0.4805682475116462,0.611858153098947,11,765515
103,small_population_first,0.514105606660626,0.6521275703824659,12,818602
104,small_population_first,0.5499296993065902,0.6949770395210869,12,875641
105,small_population_first,0.5881935444471478,0.7406092699733298,14,936620
106,small_population_first,0.6288824135305291,0.789036780290055,15,1001714
107,small_population_first,0.6723015321384965,0.840546486074804,16,1071026
108,small_population_first,0.7185924605361237,0.8953048166361278,17,1144632
109,small_population_first,0.7678987862381117,0.9535134824870284,17,1222701
110,small_population_first,0.8204243561476928,1.0154530542304696,17,1306346
111,small_population_first,0.876329522095387,1.0811689497318109,18,1395567
112,small_population_first,0.9357581676437193,1.150905124258701,19,1489925
113,small_population_first,0.9989924029630441,1.2249219376602474,21,1591052
114,small_population_first,1.0662722956543464,1.3033663257451942,22,1698603
115,small_population_first,1.1377432488335109,1.3864990915170534,23,1812422
116,small_population_first,1.21362468377793,1.4746383471577655,23,1933453
117,small_population_first,1.2942809112776936,1.5680367344335477,24,2061414
118,small_population_first,1.3797845587616453,1.6668795930515632,27,2197716
119,small_population_first,1.4636960325275548,1.7639573147175707,28,2331035
120,small_population_first,1.5461030096145965,1.8589923925336176,30,2461757
121,small_population_first,1.6268978325622028,1.9520895967609078,31,2590277
122,small_population_first,1.7061931342434224,2.0434655846190393,32,2716888
123,small_population_first,1.7840380968350382,2.1331062962682372,32,2839992
124,small_population_first,1.8603862617837137,2.220883416181347,33,2961501
125,small_population_first,1.935268934059866,2.3067936772300106,33,3080914
126,small_population_first,2.008824857692091,2.391206380575663,36,3198447
127,small_population_first,2.080880712821356,2.4738545723653353,38,3312785
128,small_population_first,2.1515695723222854,2.5548258710874263,39,3425009
129,small_population_first,2.2208987379802054,2.6341895232068815,39,3534443
130,small_population_first,2.2888270268304125,2.7117684440079572,40,3642644
131,small_population_first,2.3555097668683995,2.7879351756985824,41,3748667
132,small_population_first,2.4260932388940484,2.8683958875361957,42,3860644
133,small_population_first,2.5008241074860273,2.9533201203311337,42,3979474
134,small_population_first,2.5799204455847224,3.0430492054520712,42,4105089
135,small_population_first,2.6635483822553487,3.1377281257854808,43,4237633
136,small_population_first,2.7520834138577057,3.237664401726595,44,4377918
137,small_population_first,2.8387541921617614,3.3354645351334273,44,4515527
138,small_population_first,2.923771349290465,3.4313400445352187,44,4651288
139,small_population_first,3.0070987411449144,3.5251433857461123,44,4783765
140,small_population_first,3.088716747108194,3.61690867824732,46,4913557
141,small_population_first,3.1686917855017076,3.706813569489365,46,5040508
142,small_population_first,3.2469941526695516,3.794823434244473,47,5165119
143,small_population_first,3.323804405168659,3.8810147062649927,47,5286795
144,small_population_first,3.399052748264028,3.965335550359716,50,5406231
145,small_population_first,3.472763768383384,4.047890372809662,50,5523564
146,small_population_first,3.544946094234853,4.128712262439311,50,5638573
147,small_population_first,3.615728312788315,4.207858570585327,50,5750871
148,small_population_first,3.685048448769189,4.285275085736351,50,5861062
149,small_population_first,3.752953961994581,4.36116449734202,51,5968021
150,small_population_first,3.819489327562492,4.435414626651445,51,6073140
151,small_population_first,3.889790129744364,4.513580188739998,51,6185295
152,small_population_first,3.964013475660489,4.596030340704408,52,6303345
153,small_population_first,4.042337105178747,4.682826550979361,52,6427439
154,small_population_first,4.125131806192517,4.774470254247019,53,6558847
155,small_population_first,4.212495499796821,4.870976934333884,53,6697626
156,small_population_first,4.298113610848193,4.9654358297030345,53,6833548
157,small_population_first,4.381907891974478,5.057845061121193,53,6966446
158,small_population_first,4.4639829708008305,5.148260217733491,53,7097260
159,small_population_first,4.544293664095893,5.236727995404968,53,7224322
160,small_population_first,4.622996772585101,5.323286887067545,53,7349742
161,small_population_first,4.700046755119178,5.407864434664287,55,7471807
162,small_population_first,4.7754617350471475,5.490697996216252,55,7591692
163,small_population_first,4.849283627936225,5.571757082157817,55,7709022
164,small_population_first,4.921628070413025,5.651117944752078,55,7824038
165,small_population_first,4.992463629390124,5.728705615453245,55,7936489
166,small_population_first,5.061801560622415,5.804614406342066,55,8046454
167,small_population_first,5.129740926538505,5.879119866179467,55,8154435
168,small_population_first,5.196227838775769,5.951909990437638,56,8259788
169,small_population_first,5.266378448938167,6.0284520506289345,56,8371660
170,small_population_first,5.340369489350919,6.109126369877717,56,8488570
171,small_population_first,5.418424096767118,6.194225201884234,58,8612847
172,small_population_first,5.500763103704282,6.283845589571885,58,8743650
173,small_population_first,5.587628263432323,6.378252291611119,58,8881673
174,small_population_first,5.672724795680654,6.470597336599278,58,9016572
175,small_population_first,5.755976482317208,6.561039467992286,58,9149234
176,small_population_first,5.837431886177504,6.64946895661341,58,9278799
177,small_population_first,5.9171988605018395,6.736000388760788,58,9405594
178,small_population_first,5.995357942521827,6.820735783335653,59,9529804
179,small_population_first,6.071750615364585,6.903487083543831,59,9650956
180,small_population_first,6.146580543901326,6.984536927790734,59,9769909
181,small_population_first,6.219825644511878,7.06384548548794,59,9885800
182,small_population_first,6.291519697626996,7.14144963573238,59,9999026
183,small_population_first,6.361760552468043,7.217374145479549,59,10109874
184,small_population_first,6.43045427617398,7.291714495740433,60,10219488
185,small_population_first,6.497733461303367,7.36444377772398,60,10326333
186,small_population_first,6.568681875229441,7.441081767981125,60,10438878
187,small_population_first,6.643400044425985,7.521703266993655,60,10557254
188,small_population_first,6.72221414630356,7.606848033473531,60,10682615
189,small_population_first,6.80524061031964,7.696420699433795,60,10814093
190,small_population_first,6.892755263201884,7.790766388285083,61,10953227
191,small_population_first,6.978424138259283,7.883186855389348,61,11088987
192,small_population_first,7.062289208932886,7.973490368400766,61,11222070
193,small_population_first,7.14435706866426,8.061875208359215,61,11351876
194,small_population_first,7.224686405999343,8.148476592914738,62,11479346
195,small_population_first,7.303329897932616,8.233195428889376,62,11603867
196,small_population_first,7.380303602257925,8.316185348592402,62,11725819
197,small_population_first,7.4555493728583295,8.397233766710157,62,11845357
198,small_population_first,7.529264231991076,8.476615367739514,62,11961851
199,small_population_first,7.601383261758088,8.554291522164803,62,12076560
200,small_population_first,7.671954619126607,8.630396003952923,62,12188392
201,small_population_first,7.740973176743907,8.704742191139985,62,12298487
202,small_population_first,7.808578186606448,8.777625307302308,62,12405998
203,small_population_first,7.874668598045851,8.848823530768106,62,12510617
204,small_population_first,7.9443099224308416,8.923864805672874,62,12621420
205,small_population_first,8.017731408398513,9.003011284455523,62,12737865
206,small_population_first,8.095111933244208,9.08636589741137,62,12861181
207,small_population_first,8.176601910614906,9.174228710597678,62,12990430
208,small_population_first,8.262467388179783,9.266813756581337,62,13126405
209,small_population_first,8.346423853652933,9.357298326454075,62,13259337
210,small_population_first,8.428635951055515,9.44585090605084,62,13389474
211,small_population_first,8.509010417046845,9.532575869304843,62,13517928
212,small_population_first,8.587689232927806,9.617437423478194,62,13642998
213,small_population_first,8.664659818763623,9.700463199516426,62,13765313
214,small_population_first,8.739925456817181,9.781713073270865,62,13884427
215,small_population_first,8.813608111073576,9.861287902685488,62,14001487
216,small_population_first,8.885782482057222,9.939227496683486,62,14115101
217,small_population_first,8.956363124845726,10.015527641615835,62,14226994
218,small_population_first,9.025449988559664,10.090221195292482,62,14336407
219,small_population_first,9.093050058732008,10.163275130681253,62,14443203
220,small_population_first,9.159150325461802,10.234707430487726,62,14548254
221,small_population_first,9.228783335488519,10.310060008915105,62,14658882
222,small_population_first,9.30216052929525,10.389393073011394,62,14774751
223,small_population_first,9.379383116403838,10.473103672121033,62,14896868
224,small_population_first,9.460669130147158,10.561219525078895,62,15025634
225,small_population_first,9.546333987714567,10.65426898486411,62,15160938
226,small_population_first,9.630102761910774,10.745065460005046,62,15294044
227,small_population_first,9.712073224293144,10.834058406656245,62,15423594
228,small_population_first,9.792254600525633,10.92113247900572,62,15550348
229,small_population_first,9.87070512050898,11.00645239631091,62,15674998
230,small_population_first,9.947420247965749,11.089839205725832,62,15796313
231,small_population_first,10.022512081053506,11.171571373007051,62,15915081
232,small_population_first,10.096016126350326,11.251565235660129,62,16030881
233,small_population_first,10.16787697390611,11.329710720385293,62,16144971
234,small_population_first,10.238131868751367,11.406184149720797,62,16256818
235,small_population_first,10.30692770461194,11.481075231326187,62,16365948
236,small_population_first,10.3741778529996,11.554420684634538,62,16472478
237,small_population_first,10.444973435467787,11.631641948689186,62,16584440
238,small_population_first,10.519513382293733,11.713106313713366,62,16702343
239,small_population_first,10.597983381367731,11.798921671254531,62,16826793
240,small_population_first,10.68052960024058,11.889289887814734,62,16956981
241,small_population_first,10.767454530826813,11.984513289762114,62,17094549
242,small_population_first,10.852446967322306,12.077685614198261,62,17228964
243,small_population_first,10.935610616718693,12.168931668362298,62,17360972
244,small_population_first,11.016895795126898,12.25821395882901,62,17489558
245,small_population_first,11.096455961622455,12.345635560046139,62,17615122
246,small_population_first,11.174220386478185,12.431158268572405,62,17738747
247,small_population_first,11.250370822604248,12.514962788537522,62,17859153
248,small_population_first,11.324856119110525,12.596835430251856,62,17977402
249,small_population_first,11.39766755716186,12.676993824537377,62,18093114
250,small_population_first,11.468866693720985,12.755366115123994,62,18206397
251,small_population_first,11.538523918357061,12.832139205436741,62,18316458
252,small_population_first,11.606565438178906,12.907159485404812,62,18424636
253,small_population_first,11.673174393242727,12.980667828060408,62,18530139
254,small_population_first,11.74320034652023,13.058005734548145,62,18640920
255,small_population_first,11.816917910654094,13.139572481738645,62,18757356
256,small_population_first,11.894462133332608,13.22546466071499,62,18879790
257,small_population_first,11.976033917664667,13.315839712051565,62,19009406
258,small_population_first,12.061829573289348,13.411106330077656,62,19144779
259,small_population_first,12.145720124980995,13.504314768565754,62,19277435
260,small_population_first,12.227788896924254,13.595512196780826,62,19406795
261,small_population_first,12.308027948789553,13.684721014964817,62,19533808
262,small_population_first,12.38649437483462,13.772117779567274,63,19658117
263,small_population_first,12.463160438516741,13.857424757820054,63,19779846
264,small_population_first,12.53811414961815,13.940918406645817,63,19898486
265,small_population_first,12.61151390302844,14.022722454931094,63,20014734
266,small_population_first,12.683239744727784,14.102669483527961,63,20128130
267,small_population_first,12.753390745409558,14.180919695283018,63,20238730
268,small_population_first,12.821960826736845,14.257414387542505,63,20347482
269,small_population_first,12.888979798325208,14.332139447493212,63,20453637
270,small_population_first,12.959523621249257,14.411045456090761,63,20564515
271,small_population_first,13.033716126780343,14.494064839811472,63,20681183
272,small_population_first,13.111711321364302,14.581441829444252,63,20804425
273,small_population_first,13.19374878628653,14.673457508994106,63,20934516
274,small_population_first,13.279956895081227,14.770341776783667,63,21070626
275,small_population_first,13.364308674436094,14.865121491486521,63,21204520
276,small_population_first,13.4467360738018,14.95781183203141,63,21335240
277,small_population_first,13.527390668919413,15.048568148895525,63,21462556
278,small_population_first,13.606143942257185,15.137208618704898,63,21587299
279,small_population_first,13.683229366882681,15.224039460052293,63,21709354
280,small_population_first,13.758534504697156,15.308928456340473,63,21828645
281,small_population_first,13.832148839017073,15.391913898896641,63,21945230
282,small_population_first,13.904130611282909,15.473055017765468,63,22059187
283,small_population_first,13.97448656380329,15.552450741162794,63,22170003
284,small_population_first,14.043298358853088,15.630152414589212,63,22278399
285,small_population_first,14.110507530360312,15.706097085560161,63,22384820
286,small_population_first,14.181189404903725,15.786032786283892,63,22496876
287,small_population_first,14.255495618221337,15.870098520070337,63,22613857
288,small_population_first,14.333511100374489,15.958481530144415,63,22737508
289,small_population_first,14.415564106838234,16.05158228496093,63,22867381
290,small_population_first,14.501826327479682,16.149515986256155,63,23003368
291,small_population_first,14.586162050745067,16.24524628344841,63,23136836
292,small_population_first,14.668559413931572,16.338880377484458,63,23267084
293,small_population_first,14.749128742487395,16.430457815468056,63,23394901
294,small_population_first,14.827823709853524,16.51994170890976,63,23519840
295,small_population_first,14.90473246496528,16.60743640063312,63,23641626
296,small_population_first,14.979978172830998,16.69306749963744,63,23760753
297,small_population_first,15.053491404238233,16.77677297170595,63,23877139
298,small_population_first,15.125379936374413,16.8587152734712,63,23990746
299,small_population_first,15.195603741068796,16.938682213841986,63,24101785
300,small_population_first,15.264288920432843,17.017000897119193,63,24210268
301,small_population_first,15.331408933602797,17.093481841343085,63,24316488
302,small_population_first,15.401989348143982,17.174009220320755,63,24428432
303,small_population_first,15.476135050064796,17.258671065681256,63,24546114
304,small_population_first,15.553996709248697,17.347572270701253,63,24669199
305,small_population_first,15.63580397770924,17.441100352437328,63,24797659
306,small_population_first,15.721733246525114,17.53939285783459,63,24933968
307,small_population_first,15.80574479895248,17.63560482785449,63,25066496
308,small_population_first,15.887866464329662,17.729515233120658,63,25195472
309,small_population_first,15.968161523773661,17.821331017701603,63,25322040
310,small_population_first,16.046582183548054,17.911152289800267,63,25446527
311,small_population_first,16.123222781993803,17.998888260956324,63,25567260
312,small_population_first,16.198129739409765,18.08467335640417,63,25685372
313,small_population_first,16.271341315395105,18.168476501259754,63,25800841
314,small_population_first,16.34288035988156,18.25041904345602,63,25913452
315,small_population_first,16.412778786697228,18.33060382912632,63,26023626
316,small_population_first,16.481080534772882,18.40887537341065,63,26131721
317,small_population_first,16.547883410874036,18.485451842414424,63,26237499
318,small_population_first,16.618054197319605,18.56590179983923,63,26348165
319,small_population_first,16.69177322856407,18.650441668959058,63,26465100
320,small_population_first,16.769183345680716,18.739125969691965,63,26587540
321,small_population_first,16.850423269268973,18.832219819615016,63,26716622
322,small_population_first,16.93579089783242,18.93003159401983,63,26851322
323,small_population_first,17.019243495731423,19.025759489020857,63,26982767
324,small_population_first,17.100782110837617,19.119160613337534,63,27111747
325,small_population_first,17.18045746898794,19.21046871371736,63,27237567
326,small_population_first,17.25833661756604,19.299729803564727,63,27360444
327,small_population_first,17.334476936621467,19.38700410218204,63,27480536
328,small_population_first,17.40880008146863,19.472173398676624,63,27598104
329,small_population_first,17.481465593679534,19.555479082493378,63,27712649
330,small_population_first,17.552431523696036,19.63679184968617,63,27824838
331,small_population_first,17.621842349866334,19.716235646524634,63,27934218
332,small_population_first,17.68963714119454,19.793889513303743,63,28041482
333,small_population_first,17.75586362492809,19.869780121809505,63,28146215
334,small_population_first,17.82546692170006,19.949452559590558,63,28256003
335,small_population_first,17.898503893136855,20.033077089211165,63,28370787
336,small_population_first,17.97527196816073,20.12086870856197,63,28491877
337,small_population_first,18.055875803640706,20.21293095412198,63,28619100
338,small_population_first,18.14051095033469,20.309533608883047,63,28752849
339,small_population_first,18.223175366669352,20.403906259424335,63,28883862
340,small_population_first,18.3039951627746,20.496141046609,63,29011374
341,small_population_first,18.38291417972504,20.58622701825278,63,29136323
342,small_population_first,18.46008645883672,20.674121226224738,63,29258012
343,small_population_first,18.535436755796454,20.75999635398847,63,29376640
344,small_population_first,18.609134343738,20.84387787245851,63,29492309
345,small_population_first,18.681093581217088,20.92581644972945,63,29605849
346,small_population_first,18.75144870669908,21.00584736879476,63,29716808
347,small_population_first,18.82017325430671,21.084039241320177,63,29825498
348,small_population_first,18.887350605098625,21.160489252750157,63,29931863
349,small_population_first,18.95809452806713,21.24103318582903,63,30043806
350,small_population_first,19.033492837193684,21.331485397249683,63,30159941
351,small_population_first,19.124170172309878,21.445119810585123,63,30282617
352,small_population_first,19.22128300206698,21.5650147054132,66,30411040
353,small_population_first,19.32539209009092,21.699873599974843,73,30546185
354,small_population_first,19.427589078788856,21.80680033588435,77,30678497
355,small_population_first,19.527719388783602,21.92160230761343,80,30807532
356,small_population_first,19.62900720275353,22.037891122507308,83,30933910
357,small_population_first,19.7318849722555,22.15625984103965,86,31057592
358,small_population_first,19.836897971582054,22.272301182897333,89,31178335
359,small_population_first,19.941034537629516,22.371845287627334,91,31295833
360,small_population_first,20.041095371018336,22.46116275947582,93,31410527
361,small_population_first,20.139468587272233,22.587836372910054,95,31523133
362,small_population_first,20.23724307426907,22.717032090834245,96,31633831
363,small_population_first,20.337808162413484,22.85815503375525,98,31741217
364,small_population_first,20.441954821717694,22.947523597163634,101,31846521
365,small_population_first,20.554646902483782,23.060003540460205,103,31957017
366,small_population_first,20.672953939018324,23.157526779012393,105,32072853
367,small_population_first,20.797425428748806,23.309550800094932,106,32194568
368,small_population_first,20.930080015057897,23.482906258242945,108,32322222
369,small_population_first,21.06917653366852,23.69380296139801,110,32455879
370,small_population_first,21.21142683150042,23.983754871841693,112,32586607
371,small_population_first,21.359293564926805,24.108773102255803,114,32713659
372,small_population_first,21.509927586088157,24.359604708578768,117,32838726
373,small_population_first,21.667934011436806,24.640490505996326,119,32960604
374,small_population_first,21.835033585218955,25.17571345288694,121,33080274
375,small_population_first,22.004316113741574,25.41181232719301,124,33197008
376,small_population_first,22.170940958211062,25.50627775179963,126,33311279
377,small_population_first,22.347841861540218,25.648526966025575,128,33422578
378,small_population_first,22.52740964388805,25.78144724884442,131,33531294
379,small_population_first,22.71223984577727,26.088606503934187,133,33637217
380,small_population_first,22.922000734578443,26.524213767262562,135,33748815
381,small_population_first,23.142338843186213,26.97851946848439,138,33865528
382,small_population_first,23.376099210511487,27.39321231516809,140,33988701
383,small_population_first,23.612054892095948,27.676289065981774,142,34118167
384,small_population_first,23.858348167353547,28.17918798234097,145,34253635
385,small_population_first,24.110935674610637,28.564439321453765,147,34385949
386,small_population_first,24.369314281970116,28.871823264770228,149,34515386
387,small_population_first,24.634035348560705,29.100458812145426,152,34642070
388,small_population_first,24.90662531020026,29.321667138993647,154,34765703
389,small_population_first,25.185102630870738,29.732248137573322,157,34886233
390,small_population_first,25.466905637069516,29.834444770790252,159,35004339
391,small_population_first,25.75829721220354,29.931060164347915,161,35119921
392,small_population_first,26.05560677912255,30.021455783533,163,35232417
393,small_population_first,26.3541362421238,30.11908171292992,165,35342273
394,small_population_first,26.651723417446195,30.770754232725405,167,35450048
395,small_population_first,26.949326663367998,30.93663005374279,169,35555243
396,small_population_first,27.247039799652914,31.091007016443445,170,35665748
397,small_population_first,27.543043481469088,31.289779331172642,172,35781462
398,small_population_first,27.851372607399455,31.553942048524956,174,35903101
399,small_population_first,28.173115552831757,31.80703049007662,175,36030214
400,small_population_first,28.51963666511582,31.913843723003374,177,36163625
401,small_population_first,28.878526262032853,32.315872034948534,179,36294896
402,small_population_first,29.24732896339496,32.71277602478735,180,36422687
403,small_population_first,29.62584755508274,33.64824098712396,182,36547698
404,small_population_first,30.009940291856562,33.78084482663571,183,36669918
405,small_population_first,30.39042018495779,33.88678480429807,185,36788942
406,small_population_first,30.7691020881382,34.03150450672793,186,36905116
407,small_population_first,31.13934323065907,34.13274031852009,187,37019066
408,small_population_first,31.504666092927632,34.24344602379144,188,37130077
409,small_population_first,31.87194968920721,34.34354360060602,190,37238640
410,small_population_first,32.234589977997416,34.64741289403524,191,37344348
411,small_population_first,32.59934110612413,34.792432542040785,192,37455455
412,small_population_first,32.961361945970424,35.01566530324532,193,37571893
413,small_population_first,33.3237764891186,35.25967535946669,194,37693316
414,small_population_first,33.692454636233556,35.76262579245614,195,37820452
415,small_population_first,34.070803145543245,36.2589117624702,196,37954464
416,small_population_first,34.442865991207,37.30301408188373,197,38085323
417,small_population_first,34.812817910786265,37.682231898061026,198,38212699
418,small_population_first,35.18042085023674,37.79711749538424,199,38337119
419,small_population_first,35.547594154858906,38.014710838554635,200,38458641
420,small_population_first,35.91691235885784,38.17579550609752,201,38577152
421,small_population_first,36.28982275630771,38.35027242951778,202,38693528
422,small_population_first,36.66919472743005,38.461956446142,203,38807051
423,small_population_first,37.05768469637404,38.7230307122324,203,38917498
424,small_population_first,37.45407802458057,38.9668945974935,204,39025320
425,small_population_first,37.850921586954065,39.35279444536572,205,39130601
426,small_population_first,38.263736600627595,40.140364316802746,206,39240939
427,small_population_first,38.69392007209377,40.48908512738711,207,39356377
428,small_population_first,39.14193265914111,41.62987869610015,208,39476504
429,small_population_first,39.60856142342262,41.788600255223976,209,39603195
430,small_population_first,40.092810365232545,41.91931016735336,210,39735705
431,small_population_first,40.595258006180146,42.18473439984314,211,39874023
432,small_population_first,41.10065299602934,42.37167548199046,211,40008885
433,small_population_first,41.62020427281884,43.130661142311084,212,40141787
434,small_population_first,42.14872561574699,44.67750348481677,213,40270312
435,small_population_first,42.68546941560681,46.444038198873656,214,40395807
436,small_population_first,43.218131629225375,48.16428222777321,215,40518824
437,small_population_first,43.75930347920854,48.53071451916269,216,40638909
438,small_population_first,44.30498724010997,50.28669465565263,216,40755838
439,small_population_first,44.85230607496985,51.70397033739777,217,40869585
440,small_population_first,45.41692162896602,52.00339129198823,218,40980828
441,small_population_first,45.99452304781651,52.49037819342731,219,41088932
442,small_population_first,46.581577129730135,52.72878815004986,219,41194831
443,small_population_first,47.18764667101332,52.84113617552601,220,41304828
444,small_population_first,47.810407599764744,53.03176873992147,221,41420443
445,small_population_first,48.449047799114645,53.24487472800272,221,41540326
446,small_population_first,49.111503187965546,53.48512579981218,222,41666045
447,small_population_first,49.788804370003625,53.758864281622934,223,41796868
448,small_population_first,50.481266528407154,53.90775304343544,223,41932817
449,small_population_first,51.193832550454,54.72022453412677,224,42065736
450,small_population_first,51.94698297136268,57.236323649879395,225,42195223
451,small_population_first,52.74328807910592,58.43196482555769,225,42321334
452,small_population_first,53.570087234173144,59.15064948008269,226,42444090
453,small_population_first,54.40890073057337,59.967484321817736,227,42563841
454,small_population_first,55.24867960910113,60.362292118072524,227,42680238
455,small_population_first,56.10421337520846,60.56222991804383,228,42793666
456,small_population_first,56.98265827490694,60.76588444441708,228,42903479
457,small_population_first,57.888733965054904,60.97308657961562,229,43010374
458,small_population_first,58.79149400245245,61.59661763902594,229,43114823
459,small_population_first,59.68163154829002,62.31077149391225,230,43222402
460,small_population_first,60.57822178940564,62.66402455910622,230,43334600
461,small_population_first,61.48482273321369,62.83785495948385,231,43449747
462,small_population_first,62.4082110785281,63.092616727562095,231,43569084
463,small_population_first,63.33998214380711,63.460924309721285,231,43692979
464,small_population_first,64.2850469531975,63.83516916192159,232,43820250
465,small_population_first,65.25698770567517,67.53651643194864,232,43952884
466,small_population_first,66.25582254736689,72.85725319739808,232,44089813
467,small_population_first,67.26106706168622,78.22732130378989,233,44222105
468,small_population_first,68.29069782031564,80.52486943730878,233,44350177
469,small_population_first,69.3198756487651,80.76570982528939,233,44474445
470,small_population_first,70.34197503988774,81.00287225632243,233,44595078
471,small_population_first,71.32810591285579,81.23114783855834,233,44711603
472,small_population_first,72.28360055057718,81.45156583016845,233,44823987
473,small_population_first,73.22058741109018,81.66660851312429,233,44932213
474,small_population_first,74.13929656223361,81.87643283880332,233,45036440
475,small_population_first,75.03729263674836,82.08214142473417,233,45142125
476,small_population_first,75.9237843221756,82.28569414809338,233,45248320
477,small_population_first,76.80783227375159,82.48880766423262,233,45355203
478,small_population_first,77.71634570101267,82.69670844066054,234,45463120
479,small_population_first,78.63412105687478,82.90659328265065,234,45571472
480,small_population_first,79.56240480954723,83.11885501825746,234,45680644
481,small_population_first,80.51176873236298,83.33551173412756,234,45789595
482,small_population_first,81.48128976466353,83.5565718381289,234,45898797
483,small_population_first,82.4872425888429,83.98812543527056,234,46008765
484,small_population_first,83.53607207515327,84.93159938903374,234,46118801
485,small_population_first,84.60554546216933,85.89447980447265,234,46228621
486,small_population_first,85.72209624403685,86.90072043823419,234,46337329
487,small_population_first,86.83426258805676,87.90356457302717,234,46444643
488,small_population_first,87.93796399179381,88.89927214932176,234,46551144
489,small_population_first,89.02337448281673,89.87889670644881,234,46654756
490,small_population_first,90.08741300667255,90.83958253019085,234,46756102
491,small_population_first,91.12540391180657,91.77709375043469,234,46853362
492,small_population_first,92.15935374830862,92.71134734638558,235,46946919
493,small_population_first,93.18799565090525,93.64120757977977,235,47035628
494,small_population_first,94.25598153444919,94.60718717429796,235,47119780
495,small_population_first,95.33685748761646,95.58519666979744,235,47199065
496,small_population_first,95.906577371032,96.09925848649884,235,47272443
497,small_population_first,95.95079917655865,96.13626030337865,235,47341419
498,small_population_first,95.99181889020869,96.17059478063923,235,47405243
499,small_population_first,96.02991444079096,96.20245308376934,235,47464405
500,small_population_first,96.065308447008,96.23206624717119,235,47519352
501,small_population_first,96.09815573689204,96.25955446254258,235,47570217
502,small_population_first,96.1286408383829,96.28506032484246,235,47617578
503,small_population_first,96.15698066505968,96.30877746296868,235,47661431
504,small_population_first,96.18327502969935,96.33078367962835,235,47702473
505,small_population_first,96.2077131850336,96.3512377067654,235,47740249
506,small_population_first,96.23040763868313,96.37022756305525,235,47775701
507,small_population_first,96.25147666953106,96.38786573915293,235,47808149
508,small_population_first,96.27104904919838,96.40424886269385,235,47838334
509,small_population_first,96.28918719885687,96.41944281013323,235,47866218
510,small_population_first,96.30606747752046,96.43357237573613,235,47892618
511,small_population_first,96.32171351665517,96.44666601183052,235,47916679
512,small_population_first,96.33623130178069,96.45881854459797,235,47939287
513,small_population_first,96.34972435332801,96.47010636969469,235,47960087
514,small_population_first,96.36224166881688,96.48056328413223,235,47979543
515,small_population_first,96.37389000004217,96.4903147581895,235,47997795
516,small_population_first,96.38470962191097,96.49936955108473,235,48014486
517,small_population_first,96.39474923160375,96.50776540306114,235,48030077
518,small_population_first,96.40406883647542,96.5155648500758,235,48044726
519,small_population_first,96.41272035198297,96.52280123044032,235,48057894
520,small_population_first,96.42077352409464,96.52954872483278,235,48070484
521,small_population_first,96.42824052561286,96.53580337303025,235,48082206
522,small_population_first,96.43517724745031,96.54161673570825,235,48093029
523,small_population_first,96.44161082940072,96.54700187132629,235,48102762
524,small_population_first,96.44759172162658,96.55200836578139,235,48111980
525,small_population_first,96.45314214327296,96.55664894041357,235,48120388
526,small_population_first,96.45829561871601,96.5609656724976,235,48128402
527,small_population_first,96.46308944061838,96.56497436906677,235,48135878
528,small_population_first,96.46754869329031,96.56870617990582,235,48142806
529,small_population_first,96.4716810753564,96.57216675975975,235,48149086
530,small_population_first,96.47551589776687,96.57537870045077,235,48155037
531,small_population_first,96.47907445681216,96.5783591251743,235,48160408
532,small_population_first,96.48239135963439,96.5811311003068,235,48165455
533,small_population_first,96.48545594586034,96.58369904161103,235,48170114
534,small_population_first,96.4883161306009,96.58609553956505,235,48174474
535,small_population_first,96.4909500618819,96.58829814901375,235,48178613
536,small_population_first,96.49340713222887,96.59034811678647,235,48182380
537,small_population_first,96.49568829047085,96.59225915811301,235,48185902
538,small_population_first,96.49780686247603,96.59403414247136,235,48189255
539,small_population_first,96.49977598352216,96.59568654726857,235,48192280
540,small_population_first,96.50160203980849,96.5972190110225,235,48195070
541,small_population_first,96.50329971446462,96.59863944062207,235,48197726
542,small_population_first,96.50486940581669,96.59995051842692,235,48200223
543,small_population_first,96.5063386520373,96.60118050356095,235,48202610
544,small_population_first,96.50770054425698,96.60232236914601,235,48204692
545,small_population_first,96.50896490300912,96.60337874178911,235,48206590
546,small_population_first,96.51014138215778,96.60436011665625,235,48208480
547,small_population_first,96.51122741487583,96.60526936349308,235,48210128
548,small_population_first,96.51223552686017,96.60611130208135,235,48211668
549,small_population_first,96.51317981786741,96.60690334700601,235,48213150
550,small_population_first,96.51404455738604,96.60763006876648,235,48214447
551,small_population_first,96.51485401802506,96.60830448104569,235,48215665
552,small_population_first,96.51560254580637,96.60892847246177,235,48216861
553,small_population_first,96.51629752832861,96.60951027760765,235,48217998
554,small_population_first,96.51694465370181,96.6100514787476,235,48219029
555,small_population_first,96.51754415019504,96.61055162283313,235,48219963
556,small_population_first,96.51810013616532,96.61101601829186,235,48220799
557,small_population_first,96.5186175419664,96.611450473136,235,48221625
558,small_population_first,96.51909693067319,96.61185220574728,235,48222337
559,small_population_first,96.51954455924947,96.61222679015438,235,48223001
560,small_population_first,96.51995691678002,96.61257329967843,235,48223645
561,small_population_first,96.52034564566476,96.61289957266962,235,48224186
562,small_population_first,96.52070222013381,96.61319949079369,235,48224752
563,small_population_first,96.5210330998201,96.61347434943036,235,48225274
564,small_population_first,96.52134234653646,96.61373421347123,235,48225762
565,small_population_first,96.52163001853309,96.61397551887882,235,48226230
566,small_population_first,96.52189684319413,96.61419888977024,235,48226668
567,small_population_first,96.52214351770621,96.61440507019162,235,48227047
568,small_population_first,96.52237164625043,96.61459697097061,235,48227388
569,small_population_first,96.52258202378832,96.61477288770305,235,48227703
570,small_population_first,96.5227796269897,96.6149365422499,235,48227977
571,small_population_first,96.52296235293205,96.61508880215912,235,48228236
572,small_population_first,96.5231341289649,96.615232072621,235,48228502
573,small_population_first,96.52329486921309,96.61536702149128,235,48228765
574,small_population_first,96.52344114224718,96.61548895149349,235,48228991
575,small_population_first,96.52357771573953,96.61560181518011,235,48229228
576,small_population_first,96.52370348411344,96.61570618844016,235,48229437
577,small_population_first,96.52382071934018,96.61580460804139,235,48229618
578,small_population_first,96.52392706042788,96.61589356274733,235,48229768
579,small_population_first,96.52402744062627,96.61597806255533,235,48229940
580,small_population_first,96.5241233610659,96.61605820273451,235,48230097
581,small_population_first,96.52421075194289,96.61613117760771,235,48230218
582,small_population_first,96.52429116930203,96.6161983137375,235,48230345
583,small_population_first,96.52436836122301,96.6162619378259,235,48230468
584,small_population_first,96.52443780743467,96.61632103855985,235,48230563
585,small_population_first,96.5245025040546,96.61637519552536,235,48230656
586,small_population_first,96.52456189240893,96.61642562610842,235,48230755
587,small_population_first,96.52461685658655,96.61647177078669,235,48230846
588,small_population_first,96.52466618763285,96.61651281814918,235,48230919
589,small_population_first,96.52471644857258,96.61655482377522,235,48230991
590,small_population_first,96.52476118717738,96.616592045064,235,48231057
591,small_population_first,96.52480280137013,96.61662616948283,235,48231124
592,small_population_first,96.5248409252143,96.61665756546952,235,48231202
593,small_population_first,96.5248755450043,96.61668684798835,235,48231264
594,small_population_first,96.524910088687,96.61671490825233,235,48231323
595,small_population_first,96.52494102773511,96.61674148295042,235,48231360
596,small_population_first,96.52496973308772,96.6167656958911,235,48231398
597,small_population_first,96.52499634584599,96.61678799290031,235,48231439
598,small_population_first,96.52502026601834,96.61680837114345,235,48231468
599,small_population_first,96.52504361371156,96.61682723946944,235,48231507
600,small_population_first,96.5250650402153,96.61684548605469,235,48231541
601,small_population_first,96.52508483480939,96.61686201126915,235,48231587
602,small_population_first,96.52510400718265,96.61687753868263,235,48231610
603,small_population_first,96.52512103622277,96.61689167336655,235,48231634
604,small_population_first,96.52513744428799,96.61690577347507,235,48231661
605,small_population_first,96.52515241587203,96.616918363489,235,48231696
606,small_population_first,96.52516687872402,96.61693046879937,235,48231714
607,small_population_first,96.52517980272037,96.61694121092414,235,48231738
608,small_population_first,96.52519164371118,96.61695115857414,235,48231759
609,small_population_first,96.52520301953152,96.61696090789354,235,48231781
610,small_population_first,96.52521349441719,96.61696966460782,235,48231797
611,small_population_first,96.52522319028067,96.61697746102011,235,48231823
612,small_population_first,96.52523222026178,96.6169851618255,235,48231837
613,small_population_first,96.52524103213656,96.6169924134666,235,48231848
614,small_population_first,96.52524837284027,96.6169986803341,235,48231858
615,small_population_first,96.52525532627567,96.61700462541584,235,48231868
616,small_population_first,96.52526167164504,96.61700985825274,235,48231881
617,small_population_first,96.52526775883557,96.61701497297014,235,48231894
618,small_population_first,96.525273192604,96.61701940765326,235,48231896
619,small_population_first,96.52527844161027,96.61702384630394,235,48231907
620,small_population_first,96.52528335543255,96.6170278898914,235,48231917
621,small_population_first,96.52528752277883,96.61703130772733,235,48231922
622,small_population_first,96.52529154678106,96.61703460551648,235,48231930
623,small_population_first,96.5252956878609,96.61703827732333,235,48231936
624,small_population_first,96.5252993771277,96.61704127597868,235,48231942
625,small_population_first,96.52530299028648,96.61704436793438,235,48231945
626,small_population_first,96.52530633190888,96.61704704543496,235,48231949
627,small_population_first,96.52530922216678,96.61704958249116,235,48231952
628,small_population_first,96.52531197087484,96.61705192174917,235,48231954
629,small_population_first,96.52531446005837,96.61705398309223,235,48231959
630,small_population_first,96.52531676941378,96.61705581597539,235,48231962
631,small_population_first,96.52531907921774,96.61705776116858,235,48231964
632,small_population_first,96.52532112994571,96.61705948882884,235,48231968
633,small_population_first,96.5253228072114,96.61706084365959,235,48231970
634,small_population_first,96.52532435583618,96.61706212805723,235,48231971
635,small_population_first,96.52532592893323,96.61706337239642,235,48231975
636,small_population_first,96.52532737294082,96.61706461605225,235,48231979
637,small_population_first,96.52532888194169,96.61706584486228,235,48231982
638,small_population_first,96.52533013321221,96.61706683262261,235,48231984
639,small_population_first,96.52533128121118,96.61706773575433,235,48231986
640,small_population_first,96.52533255874813,96.61706869042175,235,48231987
641,small_population_first,96.5253335656458,96.61706950638212,235,48231987
642,small_population_first,96.52533442964798,96.61707019457678,235,48231989
643,small_population_first,96.52533528163832,96.61707087270165,235,48231989
644,small_population_first,96.52533593999448,96.61707137617995,235,48231989
645,small_population_first,96.52533666244683,96.61707203683322,235,48231990
646,small_population_first,96.52533728117908,96.61707248702504,235,48231992
647,small_population_first,96.52533790080841,96.6170729468599,235,48231992
648,small_population_first,96.5253385978914,96.61707349629377,235,48231992
649,small_population_first,96.52533915207894,96.61707402366167,235,48231994
650,small_population_first,96.5253395905345,96.61707451208291,235,48231995
651,small_population_first,96.52534000362073,96.6170748501176,235,48231995
652,small_population_first,96.52534054534785,96.61707533028488,235,48231996
653,small_population_first,96.52534097134301,96.61707567058649,235,48231996
654,small_population_first,96.52534153799095,96.61707608526457,235,48231999
655,small_population_first,96.52534185981747,96.6170764604698,235,48232001
656,small_population_first,96.52534222126792,96.61707671642044,235,48232001
657,small_population_first,96.52534264681455,96.61707702775028,235,48232002
658,small_population_first,96.52534296953816,96.61707729300652,235,48232002
659,small_population_first,96.52534329226177,96.61707753959641,235,48232002
660,small_population_first,96.52534353753171,96.61707780639802,235,48232002
661,small_population_first,96.52534376989271,96.61707798954265,235,48232002
662,small_population_first,96.52534398934476,96.61707823288378,235,48232002
663,small_population_first,96.52534422170577,96.61707847862199,235,48232002
664,small_population_first,96.52534436370415,96.61707858995935,235,48232002
665,small_population_first,96.52534455733833,96.6170787565796,235,48232002
666,small_population_first,96.52534478925078,96.61707900188723,235,48232003
667,small_population_first,96.52534494415812,96.61707920524356,235,48232003
668,small_population_first,96.52534502161178,96.61707924966485,235,48232003
669,small_population_first,96.52534521524595,96.61707946021238,235,48232003
670,small_population_first,96.52534540843158,96.61707960773573,235,48232004
671,small_population_first,96.52534551170314,96.6170796922444,235,48232004
672,small_population_first,96.52534557624786,96.61707975089556,235,48232004
673,small_population_first,96.52534562788362,96.6170797884833,235,48232004
674,small_population_first,96.5253457177977,96.61707985149798,235,48232005
675,small_population_first,96.52534579525137,96.61707987738306,235,48232005
676,small_population_first,96.52534580816031,96.61707987978012,235,48232005
677,small_population_first,96.52534588561397,96.61707993149517,235,48232005
678,small_population_first,96.52534596306765,96.61708000187653,235,48232005
679,small_population_first,96.52534597597659,96.61708001360677,235,48232005
680,small_population_first,96.5253460663392,96.61708008638522,235,48232005
681,small_population_first,96.5253461825197,96.61708017329094,235,48232005
682,small_population_first,96.52534623415548,96.61708022021186,235,48232005
683,small_population_first,96.52534627288232,96.61708025540254,235,48232005
684,small_population_first,96.52534633742704,96.61708030472053,235,48232005
685,small_population_first,96.52534637615386,96.61708033057805,235,48232005
686,small_population_first,96.52534640197176,96.61708035403849,235,48232005
687,small_population_first,96.52534644069858,96.61708038922919,235,48232005
688,small_population_first,96.52534645360754,96.61708040095942,235,48232005
689,small_population_first,96.52534646651648,96.61708041268965,235,48232005
690,small_population_first,96.52534646651648,96.61708041268965,235,48232005
691,small_population_first,96.5253465052433,96.61708044644864,235,48232005
692,small_population_first,96.5253465052433,96.61708044644864,235,48232005
693,small_population_first,96.52534651815226,96.61708045817885,235,48232005
694,small_population_first,96.52534651815226,96.61708045817885,235,48232005
695,small_population_first,96.52534655687909,96.61708047470322,235,48232005
696,small_population_first,96.52534656978803,96.61708048643344,235,48232005
697,small_population_first,96.52534659560592,96.61708050989391,235,48232005
698,small_population_first,96.52534660851487,96.61708052162413,235,48232005
699,small_population_first,96.52534660851487,96.61708052162413,235,48232005
700,small_population_first,96.52534662142381,96.61708053335437,235,48232005
701,small_population_first,96.52534662142381,96.61708053335437,235,48232005
702,small_population_first,96.5253466472417,96.61708055681483,235,48232005
703,small_population_first,96.5253466472417,96.61708055681483,235,48232005
704,small_population_first,96.52534667305959,96.61708057311168,235,48232005
705,small_population_first,96.52534668596853,96.61708058484191,235,48232005
706,small_population_first,96.52534672469537,96.61708061286896,235,48232005
707,small_population_first,96.52534673760431,96.6170806245992,235,48232005
708,small_population_first,96.52534675051325,96.61708063632942,235,48232005
709,small_population_first,96.5253467634222,96.61708064805966,235,48232005
710,small_population_first,96.5253467634222,96.61708064805966,235,48232005
711,small_population_first,96.52534677633115,96.61708065978989,235,48232005
712,small_population_first,96.52534677633115,96.61708065978989,235,48232005
713,small_population_first,96.52534677633115,96.61708065978989,235,48232005
714,small_population_first,96.52534677633115,96.61708065978989,235,48232005
715,small_population_first,96.52534678924009,96.61708067152011,235,48232005
716,small_population_first,96.52534680214903,96.61708068325035,235,48232005
717,small_population_first,96.52534682796693,96.6170807067108,235,48232005
718,small_population_first,96.52534682796693,96.6170807067108,235,48232005
719,small_population_first,96.52534682796693,96.6170807067108,235,48232005
720,small_population_first,96.52534682796693,96.6170807067108,235,48232005
721,small_population_first,96.52534682796693,96.6170807067108,235,48232005
722,small_population_first,96.52534682796693,96.6170807067108,235,48232005
723,small_population_first,96.52534684087587,96.61708078103462,235,48232005
724,small_population_first,96.52534685378481,96.61708079276484,235,48232005
725,small_population_first,96.52534685378481,96.61708079276484,235,48232005
726,small_population_first,96.52534685378481,96.61708079276484,235,48232005
727,small_population_first,96.52534685378481,96.61708079276484,235,48232005
728,small_population_first,96.52534685378481,96.61708079276484,235,48232005
729,small_population_first,96.52534685378481,96.61708079276484,235,48232005
730,small_population_first,96.52534685378481,96.61708079276484,235,48232005
731,small_population_first,96.52534685378481,96.61708079276484,235,48232005
732,small_population_first,96.52534685378481,96.61708079276484,235,48232005
733,small_population_first,96.52534685378481,96.61708079276484,235,48232005
734,small_population_first,96.52534685378481,96.61708079276484,235,48232005
735,small_population_first,96.52534685378481,96.61708079276484,235,48232005
736,small_population_first,96.52534685378481,96.61708079276484,235,48232005
737,small_population_first,96.52534685378481,96.61708079276484,235,48232005
738,small_population_first,96.52534685378481,96.61708079276484,235,48232005
739,small_population_first,96.52534685378481,96.61708079276484,235,48232005
740,small_population_first,96.52534685378481,96.61708079276484,235,48232005
741,small_population_first,96.52534685378481,96.61708079276484,235,48232005
742,small_population_first,96.52534685378481,96.61708079276484,235,48232005
743,small_population_first,96.52534685378481,96.61708079276484,235,48232005
744,small_population_first,96.52534685378481,96.61708079276484,235,48232005
745,small_population_first,96.52534685378481,96.61708079276484,235,48232005
746,small_population_first,96.52534685378481,96.61708079276484,235,48232005
747,small_population_first,96.52534685378481,96.61708079276484,235,48232005
748,small_population_first,96.52534685378481,96.61708079276484,235,48232005
749,small_population_first,96.52534685378481,96.61708079276484,235,48232005
750,small_population_first,96.52534685378481,96.61708079276484,235,48232005
751,small_population_first,96.52534685378481,96.61708079276484,235,48232005
752,small_population_first,96.52534685378481,96.61708079276484,235,48232005
753,small_population_first,96.52534685378481,96.61708079276484,235,48232005
754,small_population_first,96.52534685378481,96.61708079276484,235,48232005
755,small_population_first,96.52534685378481,96.61708079276484,235,48232005
756,small_population_first,96.52534685378481,96.61708079276484,235,48232005
757,small_population_first,96.52534685378481,96.61708079276484,235,48232005
758,small_population_first,96.52534685378481,96.61708079276484,235,48232005
759,small_population_first,96.52534685378481,96.61708079276484,235,48232005
760,small_population_first,96.52534685378481,96.61708079276484,235,48232005
761,small_population_first,96.52534685378481,96.61708079276484,235,48232005
762,small_population_first,96.52534685378481,96.61708079276484,235,48232005
763,small_population_first,96.52534685378481,96.61708079276484,235,48232005
764,small_population_first,96.52534685378481,96.61708079276484,235,48232005
765,small_population_first,96.52534685378481,96.61708079276484,235,48232005
766,small_population_first,96.52534685378481,96.61708079276484,235,48232005
767,small_population_first,96.52534685378481,96.61708079276484,235,48232005
768,small_population_first,96.52534685378481,96.61708079276484,235,48232005
769,small_population_first,96.52534685378481,96.61708079276484,235,48232005
770,small_population_first,96.52534685378481,96.61708079276484,235,48232005
771,small_population_first,96.52534685378481,96.61708079276484,235,48232005
772,small_population_first,96.52534685378481,96.61708079276484,235,48232005
773,small_population_first,96.52534685378481,96.61708079276484,235,48232005
774,small_population_first,96.52534685378481,96.61708079276484,235,48232005
775,small_population_first,96.52534685378481,96.61708079276484,235,48232005
776,small_population_first,96.52534685378481,96.61708079276484,235,48232005
777,small_population_first,96.52534685378481,96.61708079276484,235,48232005
778,small_population_first,96.52534685378481,96.61708079276484,235,48232005
779,small_population_first,96.52534685378481,96.61708079276484,235,48232005
780,small_population_first,96.52534685378481,96.61708079276484,235,48232005
781,small_population_first,96.52534685378481,96.61708079276484,235,48232005
782,small_population_first,96.52534685378481,96.61708079276484,235,48232005
783,small_population_first,96.52534685378481,96.61708079276484,235,48232005
784,small_population_first,96.52534685378481,96.61708079276484,235,48232005
785,small_population_first,96.52534685378481,96.61708079276484,235,48232005
786,small_population_first,96.52534685378481,96.61708079276484,235,48232005
787,small_population_first,96.52534685378481,96.61708079276484,235,48232005
788,small_population_first,96.52534685378481,96.61708079276484,235,48232005
789,small_population_first,96.52534685378481,96.61708079276484,235,48232005
790,small_population_first,96.52534685378481,96.61708079276484,235,48232005
791,small_population_first,96.52534685378481,96.61708079276484,235,48232005
792,small_population_first,96.52534685378481,96.61708079276484,235,48232005
793,small_population_first,96.52534685378481,96.61708079276484,235,48232005
794,small_population_first,96.52534685378481,96.61708079276484,235,48232005
795,small_population_first,96.52534685378481,96.61708079276484,235,48232005
796,small_population_first,96.52534685378481,96.61708079276484,235,48232005
797,small_population_first,96.52534685378481,96.61708079276484,235,48232005
798,small_population_first,96.52534685378481,96.61708079276484,235,48232005
799,small_population_first,96.52534685378481,96.61708079276484,235,48232005
0,high_gdp_first,2.1629807995292644e-05,3.740205752554316e-05,0,30
1,high_gdp_first,4.450403578883035e-05,7.26478407730381e-05,0,72
2,high_gdp_first,6.961052164435589e-05,0.00011539373343188201,0,117
3,high_gdp_first,9.638478669423725e-05,0.0001555110538496192,0,169
4,high_gdp_first,0.0001254554550510881,0.00020403384028274709,0,208
5,high_gdp_first,0.00015632219341518865,0.0002547718056942249,0,257
6,high_gdp_first,0.00018862578796027092,0.00030736762858882554,0,313
7,high_gdp_first,0.0002252912667256398,0.00036882535008933267,0,389
8,high_gdp_first,0.00026299590070688605,0.00043095212350697333,0,464
9,high_gdp_first,0.00030472886243806843,0.0005016278782795648,0,527
10,high_gdp_first,0.0003509263411890956,0.0005791359681798879,0,601
11,high_gdp_first,0.00040010016444177055,0.0006558503844908633,0,669
12,high_gdp_first,0.00045133946822010254,0.0007389456153317873,0,730
13,high_gdp_first,0.0005077745469285868,0.0008304888449839837,0,810
14,high_gdp_first,0.0005683405884079414,0.0009291022146280509,0,909
15,high_gdp_first,0.000632024096544162,0.0010317501190757142,0,1024
16,high_gdp_first,0.0007013780547112477,0.001147202511380723,0,1133
17,high_gdp_first,0.0007772876712821403,0.0012705434489936162,0,1261
18,high_gdp_first,0.0008583289196073064,0.0014023154344570995,0,1401
19,high_gdp_first,0.0009453228586422125,0.0015492878774048399,0,1535
20,high_gdp_first,0.0010383336354429721,0.0016980202270279326,0,1675
21,high_gdp_first,0.001139041859084262,0.0018603784128526277,0,1823
22,high_gdp_first,0.001246857396575991,0.0020410844821139498,0,2001
23,high_gdp_first,0.0013667066105357,0.002240070228414669,0,2195
24,high_gdp_first,0.0014925598368783865,0.0024440630195266913,0,2394
25,high_gdp_first,0.001628034878324308,0.0026595158171077585,0,2616
26,high_gdp_first,0.0017727083745533296,0.002890733215196795,0,2848
27,high_gdp_first,0.0019286714704865894,0.0031446379589807286,0,3109
28,high_gdp_first,0.0020990801107625837,0.0034214855227041115,0,3361
29,high_gdp_first,0.002282856666026137,0.003719942412439216,0,3645
30,high_gdp_first,0.002481245552548109,0.004037681243719824,0,3937
31,high_gdp_first,0.0026959402252925467,0.004390149371555461,0,4280
32,high_gdp_first,0.0029234768335559638,0.004762637583277392,0,4656
33,high_gdp_first,0.0031654333572040142,0.005161699435897357,0,5062
34,high_gdp_first,0.0034287375017745324,0.005590336108447524,0,5496
35,high_gdp_first,0.0037134662443237755,0.006040911439836425,0,5950
36,high_gdp_first,0.004024186734343307,0.006533752787982922,0,6408
37,high_gdp_first,0.00435829470631186,0.007064288426198647,0,6928
38,high_gdp_first,0.004712800997864927,0.007627611896597852,0,7511
39,high_gdp_first,0.005095069474136372,0.008246795505677803,0,8095
40,high_gdp_first,0.0055042791374729635,0.008903404812953012,0,8761
41,high_gdp_first,0.005949551476700678,0.009606349658553047,0,9497
42,high_gdp_first,0.006428115408683783,0.010363454902913034,0,10275
43,high_gdp_first,0.006945667072361105,0.011172219540293717,0,11103
44,high_gdp_first,0.0074986656601026365,0.012044063042389181,0,11979
45,high_gdp_first,0.00809834948209769,0.012992464424480328,0,12909
46,high_gdp_first,0.008738611921596418,0.01400376676156943,0,13894
47,high_gdp_first,0.009425187582703023,0.015093121971872299,0,14910
48,high_gdp_first,0.01016564587617545,0.016259622950583228,0,16125
49,high_gdp_first,0.010961064273498747,0.017495822211004538,0,17358
50,high_gdp_first,0.011820564443692736,0.018835728716650388,0,18707
51,high_gdp_first,0.01274459544749731,0.020284411284857907,0,20154
52,high_gdp_first,0.013737108781194078,0.021827208828576132,0,21734
53,high_gdp_first,0.014792510993812034,0.023454602140657043,0,23419
54,high_gdp_first,0.01593861574878206,0.025227939185011393,1,25244
55,high_gdp_first,0.017171022975481794,0.0271269421467104,1,27295
56,high_gdp_first,0.018493016713900443,0.02914010835575461,1,29408
57,high_gdp_first,0.01991261544186784,0.03131315572594547,1,31651
58,high_gdp_first,0.02143507934057961,0.033608547620481655,1,34055
59,high_gdp_first,0.02307541884489709,0.03608736353286813,1,36676
60,high_gdp_first,0.024830452248174515,0.03873811030910425,2,39408
61,high_gdp_first,0.02671107207404198,0.04156552989470573,2,42365
62,high_gdp_first,0.02873772914418246,0.04458325729431019,2,45781
63,high_gdp_first,0.03091614413939995,0.04783322664190519,2,49235
64,high_gdp_first,0.033261302663005386,0.05128604597797345,2,52942
65,high_gdp_first,0.035769215697581354,0.05498686126603376,2,56986
66,high_gdp_first,0.038466362717350475,0.058924372204509606,2,61264
67,high_gdp_first,0.04136217448514748,0.06316137737306489,2,65920
68,high_gdp_first,0.044459743520432735,0.06765636148011454,2,70938
69,high_gdp_first,0.04779402944777213,0.07246719488357672,2,76196
70,high_gdp_first,0.05135570686341125,0.07756610070223074,2,81791
71,high_gdp_first,0.05517851804899207,0.08300910464148203,2,87794
72,high_gdp_first,0.05926143946691192,0.08878012096155914,2,94415
73,high_gdp_first,0.06365704537947507,0.09496571477264582,2,101461
74,high_gdp_first,0.06836854349001203,0.10158214105340556,4,108798
75,high_gdp_first,0.07341084649046019,0.10861357075768201,4,116816
76,high_gdp_first,0.07881215335463355,0.1161100070864485,4,125306
77,high_gdp_first,0.08460064172059513,0.12405602549050414,4,134486
78,high_gdp_first,0.09080959431694785,0.13257206153776532,4,144408
79,high_gdp_first,0.09746347632741595,0.14165251818013963,4,154775
80,high_gdp_first,0.10457743532569941,0.15128501359759308,4,166037
81,high_gdp_first,0.1122145333895993,0.16159036919292996,4,178286
82,high_gdp_first,0.12038779387974188,0.1725786300075492,4,191274
83,high_gdp_first,0.12916576397257454,0.1843191171213804,4,205453
84,high_gdp_first,0.13853239454893382,0.19676177113794993,4,220439
85,high_gdp_first,0.14858114872667288,0.21003754455945348,4,236602
86,high_gdp_first,0.15935261400323428,0.22421146777743786,4,253895
87,high_gdp_first,0.17085578946239086,0.23929683515515604,4,272140
88,high_gdp_first,0.18319533408884556,0.25539846988468395,6,291841
89,high_gdp_first,0.19639508118966786,0.27250671356221784,6,312820
90,high_gdp_first,0.21052222324896666,0.2908117856484104,6,335194
91,high_gdp_first,0.22560706112603054,0.31027176915797405,6,359215
92,high_gdp_first,0.24177395046142927,0.3310046592058031,7,385031
93,high_gdp_first,0.2590410702257501,0.3530806354823875,7,412731
94,high_gdp_first,0.27752880825786536,0.37660045773899625,7,442159
95,high_gdp_first,0.29732546359735973,0.40166843690980336,8,473745
96,high_gdp_first,0.31845799762739774,0.4283044522804138,8,507152
97,high_gdp_first,0.3410249263941371,0.4567165532194291,9,543289
98,high_gdp_first,0.3651439516783113,0.48695835644877605,10,581753
99,high_gdp_first,0.39087926562214875,0.5191372822487571,12,622742
100,high_gdp_first,0.41840860647299544,0.5534783153393986,12,666786
101,high_gdp_first,0.447816834405519,0.5900435693070106,12,713702
102,high_gdp_first,0.4792193997646299,0.6289609631024227,13,763503
103,high_gdp_first,0.512724637668184,0.6703203294582,13,816564
104,high_gdp_first,0.5484641040940265,0.7143068489082506,13,873569
105,high_gdp_first,0.5866193781810854,0.7611968241958311,16,934174
106,high_gdp_first,0.6273003404115702,0.8110002731113017,16,998754
107,high_gdp_first,0.6706633125740955,0.8639560916883138,16,1067541
108,high_gdp_first,0.7169058743961367,0.9201769876569059,16,1140909
109,high_gdp_first,0.7660902982269164,0.9799601534204726,16,1218669
110,high_gdp_first,0.8184693340563005,1.0434328850469894,17,1302131
111,high_gdp_first,0.8742612922204475,1.1108499249968977,17,1390249
112,high_gdp_first,0.9336656250632578,1.182511604524405,17,1484537
113,high_gdp_first,0.9967640349983999,1.2584715457570848,18,1584998
114,high_gdp_first,1.0638126250417763,1.3390871816801833,19,1691309
115,high_gdp_first,1.1350437939574873,1.424372626392132,22,1804832
116,high_gdp_first,1.2107234418620088,1.5147626269504137,24,1925369
117,high_gdp_first,1.2911057400623374,1.6106270084443957,26,2053378
118,high_gdp_first,1.3764717263287898,1.7119338282053815,27,2189738
119,high_gdp_first,1.4602075680886872,1.8114323417619418,29,2323196
120,high_gdp_first,1.542358361457727,1.9088869225264111,30,2452965
121,high_gdp_first,1.6229013780926524,2.004270903292766,34,2580599
122,high_gdp_first,1.701990241931771,2.0978441080759627,34,2705677
123,high_gdp_first,1.7796314605093595,2.18956760560524,36,2829131
124,high_gdp_first,1.8557797977740642,2.27950699087049,37,2950337
125,high_gdp_first,1.9304351797432706,2.3674995804117964,37,3069181
126,high_gdp_first,2.0036751351708446,2.4537748796985115,39,3186030
127,high_gdp_first,2.0755236986210543,2.538440950096771,39,3300113
128,high_gdp_first,2.146010845657264,2.6213244525645667,41,3411674
129,high_gdp_first,2.2151238555778128,2.702537164641941,41,3521561
130,high_gdp_first,2.2828539173993954,2.7820157321407293,41,3629096
131,high_gdp_first,2.3493262013142813,2.859965748594551,41,3734889
132,high_gdp_first,2.419685848618738,2.942227954784924,41,3846931
133,high_gdp_first,2.494146525877697,3.0291135878321582,42,3965228
134,high_gdp_first,2.572920009719599,3.120816997987334,42,4090533
135,high_gdp_first,2.6562545604777497,3.217569812517104,42,4222437
136,high_gdp_first,2.7443873737633204,3.3195234789308565,42,4362763
137,high_gdp_first,2.8308081643654437,3.4195241484713215,42,4499416
138,high_gdp_first,2.9155351147948907,3.5173933322967303,44,4633356
139,high_gdp_first,2.9984780551339516,3.613124953753481,45,4764931
140,high_gdp_first,3.0798114638177707,3.7069187303331734,46,4894129
141,high_gdp_first,3.1594731236489277,3.7986157406880605,46,5020553
142,high_gdp_first,3.2374501869446157,3.8882730301461312,46,5144085
143,high_gdp_first,3.313966327903024,3.9762265488182096,47,5265485
144,high_gdp_first,3.388899048960056,4.062230168841684,47,5384823
145,high_gdp_first,3.462333505497085,4.146450982374054,48,5501357
146,high_gdp_first,3.5342755726895665,4.228773085899617,48,5615739
147,high_gdp_first,3.604797995144203,4.3095015882392955,48,5727439
148,high_gdp_first,3.673805606430164,4.388346436586411,50,5837354
149,high_gdp_first,3.7414439399721098,4.465579711221282,50,5944604
150,high_gdp_first,3.807724987006754,4.541166783364866,50,6050260
151,high_gdp_first,3.8777446905182664,4.6207979639853844,50,6161036
152,high_gdp_first,3.9516609891344823,4.704776230971317,51,6278701
153,high_gdp_first,4.0297244478093415,4.79310675589876,52,6402981
154,high_gdp_first,4.112157049411057,4.886079893253203,53,6533965
155,high_gdp_first,4.1991468781521855,4.984008932821592,53,6671879
156,high_gdp_first,4.284447305597025,5.079976521191305,53,6807568
157,high_gdp_first,4.367916276131744,5.1738724435941394,55,6939967
158,high_gdp_first,4.449706127377711,5.265660706762025,55,7069911
159,high_gdp_first,4.529724626163913,5.355468207874592,55,7196535
160,high_gdp_first,4.608072301794448,5.443391993159933,55,7321562
161,high_gdp_first,4.684846921423558,5.529385203274345,55,7443423
162,high_gdp_first,4.760058947694969,5.613578108115572,55,7562975
163,high_gdp_first,4.83368132738423,5.69580231170844,55,7680490
164,high_gdp_first,4.905739265358547,5.7762809543259115,57,7795271
165,high_gdp_first,4.97629133257365,5.855032779405138,57,7907723
166,high_gdp_first,5.045410833687588,5.932040147976022,57,8017808
167,high_gdp_first,5.11309483574269,6.007480761652338,57,8124827
168,high_gdp_first,5.179376453059585,6.0812138167903935,57,8230176
169,high_gdp_first,5.249252716195457,6.158835325383932,57,8340709
170,high_gdp_first,5.322994179862602,6.240661973112438,58,8458014
171,high_gdp_first,5.400798955095523,6.32674237787876,58,8581198
172,high_gdp_first,5.482895082981778,6.417381488019785,58,8711533
173,high_gdp_first,5.569456564442446,6.5127995392358,59,8849095
174,high_gdp_first,5.654229090644725,6.6062102563960785,59,8983547
175,high_gdp_first,5.737227443892988,6.697588253065407,59,9115761
176,high_gdp_first,5.818421419728439,6.786915108725462,59,9244225
177,high_gdp_first,5.897917688857203,6.874254562817998,59,9369937
178,high_gdp_first,5.975792965886218,6.9597910814745,59,9493423
179,high_gdp_first,6.0519935359409605,7.043465196252424,59,9614921
180,high_gdp_first,6.1266043455216,7.125272759394915,59,9732779
181,high_gdp_first,6.199668446040329,7.205355674156771,60,9848760
182,high_gdp_first,6.271205752385117,7.283633168046372,60,9962686
183,high_gdp_first,6.341221942174763,7.360250244457455,60,10074204
184,high_gdp_first,6.409712512873357,7.435200865367258,60,10183168
185,high_gdp_first,6.476796570238799,7.508508513511779,60,10289455
186,high_gdp_first,6.5474855491126425,7.585750246814848,60,10401882
187,high_gdp_first,6.622037399214833,7.667073228061695,60,10520424
188,high_gdp_first,6.700720937754399,7.752787188539885,60,10645465
189,high_gdp_first,6.783603600068897,7.842925888004746,60,10777069
190,high_gdp_first,6.870974360570504,7.937885663731464,60,10916248
191,high_gdp_first,6.9564880021636935,8.030735848148456,60,11052170
192,high_gdp_first,7.040149584692306,8.121535037180427,60,11185201
193,high_gdp_first,7.122027142155724,8.210320851689344,60,11315384
194,high_gdp_first,7.202175274026428,8.297192387758084,60,11442464
195,high_gdp_first,7.280609966400907,8.382118931581177,60,11566651
196,high_gdp_first,7.357401681718956,8.465297969943881,61,11688779
197,high_gdp_first,7.432645839148747,8.546825668466457,61,11807694
198,high_gdp_first,7.5061956896755655,8.626485048856996,61,11924295
199,high_gdp_first,7.578213453910666,8.704410565899881,61,12038005
200,high_gdp_first,7.648667945138717,8.780584990965918,61,12149678
201,high_gdp_first,7.717670378035153,8.855288974727399,61,12259403
202,high_gdp_first,7.78512629793711,8.928253179095819,61,12366704
203,high_gdp_first,7.851225404903825,8.99963112821553,61,12470638
204,high_gdp_first,7.9208383771947295,9.074773349490902,61,12581547
205,high_gdp_first,7.9942400846882915,9.153971351017208,61,12698235
206,high_gdp_first,8.071596785928776,9.237483958331643,62,12821002
207,high_gdp_first,8.15315819806514,9.325325094774364,63,12950669
208,high_gdp_first,8.239064397851413,9.417802817399206,63,13086922
209,high_gdp_first,8.323106680812074,9.508267113016027,63,13220205
210,high_gdp_first,8.405325156970312,9.596768677092584,63,13350400
211,high_gdp_first,8.485836546298659,9.683325514053791,63,13478663
212,high_gdp_first,8.564631378267059,9.768110138502948,63,13603725
213,high_gdp_first,8.64174433061406,9.851083837008588,63,13726226
214,high_gdp_first,8.717257572594024,9.932389589478767,63,13846185
215,high_gdp_first,8.791092147618302,10.011761954062536,63,13963045
216,high_gdp_first,8.863292663550734,10.089334258032567,63,14077557
217,high_gdp_first,8.934000718223206,10.16531793353858,63,14189686
218,high_gdp_first,9.003141495342597,10.239556801592387,63,14298610
219,high_gdp_first,9.070828981169937,10.312297615376501,63,14405755
220,high_gdp_first,9.137096345634296,10.383490370764546,63,14510530
221,high_gdp_first,9.206930675583514,10.458448067852277,63,14621068
222,high_gdp_first,9.280441526795999,10.537318639757444,63,14737688
223,high_gdp_first,9.357949287232527,10.620472035908405,63,14860622
224,high_gdp_first,9.439543602691014,10.70801207791965,63,14989879
225,high_gdp_first,9.525489135421378,10.800297109955748,63,15126084
226,high_gdp_first,9.60958896023044,10.89038828615559,63,15260149
227,high_gdp_first,9.691892762193614,10.978608798621492,63,15390475
228,high_gdp_first,9.772403004432933,11.064885838259306,63,15518043
229,high_gdp_first,9.851253381113297,11.149362722344256,63,15642851
230,high_gdp_first,9.92836228256458,11.23195806995651,63,15764620
231,high_gdp_first,10.003810475077511,11.312793430814967,63,15884221
232,high_gdp_first,10.077649985207046,11.39196949861787,63,16000889
233,high_gdp_first,10.14985878318284,11.469321641920956,63,16115092
234,high_gdp_first,10.220535769460412,11.545005834763115,63,16226771
235,high_gdp_first,10.289677099009007,11.619112237008025,63,16336202
236,high_gdp_first,10.357357569677117,11.691595701592647,63,16443566
237,high_gdp_first,10.423537329077817,11.76253537655028,63,16547962
238,high_gdp_first,10.493296179952063,11.837224995278957,63,16658074
239,high_gdp_first,10.566769025797422,11.91591892742507,63,16774527
240,high_gdp_first,10.644140231109517,11.99875817294291,63,16897187
241,high_gdp_first,10.725587229828236,12.086038040858199,63,17025855
242,high_gdp_first,10.811314105163337,12.177857115173225,63,17162237
243,high_gdp_first,10.895216628901233,12.267764043495955,63,17295069
244,high_gdp_first,10.977278948664887,12.355648003546793,63,17425201
245,high_gdp_first,11.057584407446548,12.441747447350721,63,17552096
246,high_gdp_first,11.136167235545937,12.525818049649292,63,17676451
247,high_gdp_first,11.213025233559147,12.608126719777525,63,17798626
248,high_gdp_first,11.288191210445007,12.688630822782503,63,17918292
249,high_gdp_first,11.361758212275317,12.767446426397306,63,18034223
250,high_gdp_first,11.433793924252694,12.844536394264273,63,18148417
251,high_gdp_first,11.504160170275782,12.919855832946629,63,18260341
252,high_gdp_first,11.573046790065256,12.993598882709062,63,18369089
253,high_gdp_first,11.640461727930274,13.065816590616407,63,18475427
254,high_gdp_first,11.706426149499512,13.13649135064889,63,18579786
255,high_gdp_first,11.775824223352679,13.210786839652332,63,18689954
256,high_gdp_first,11.848883156876537,13.289078359787265,63,18805595
257,high_gdp_first,11.925719764155872,13.37138364331248,63,18927385
258,high_gdp_first,12.006655856061146,13.458098251954175,63,19056092
259,high_gdp_first,12.091903823370718,13.549519241032849,63,19190724
260,high_gdp_first,12.175289294749573,13.638837407745283,63,19322790
261,high_gdp_first,12.256833261335172,13.72631241825652,63,19452061
262,high_gdp_first,12.33663556368633,13.811776515245239,63,19578811
263,high_gdp_first,12.41473068377443,13.895397052944663,63,19702554
264,high_gdp_first,12.491097977761203,13.97720277568401,63,19823805
265,high_gdp_first,12.56580350064,14.057252628907337,63,19942450
266,high_gdp_first,12.638885409833918,14.135598248751469,63,20058144
267,high_gdp_first,12.710413007552921,14.212263601666482,63,20171407
268,high_gdp_first,12.780284163873095,14.287137062554017,63,20281843
269,high_gdp_first,12.84867832828961,14.360415169097948,63,20389682
270,high_gdp_first,12.915577658847837,14.432100281055057,63,20495079
271,high_gdp_first,12.985962323418155,14.507495576753866,63,20606265
272,high_gdp_first,13.060078758507265,14.586863885873687,63,20723541
273,high_gdp_first,13.138062313521077,14.670411837640746,63,20847115
274,high_gdp_first,13.220103680214898,14.758265466121335,63,20976722
275,high_gdp_first,13.306526726531864,14.850847181747437,63,21113909
276,high_gdp_first,13.391085331635109,14.94145369781612,63,21247606
277,high_gdp_first,13.473727620041707,15.029970072738012,63,21378168
278,high_gdp_first,13.554591256667281,15.116649670842552,63,21506247
279,high_gdp_first,13.633692091517785,15.201342496361015,63,21631989
280,high_gdp_first,13.711028774378276,15.28418797741466,63,21754258
281,high_gdp_first,13.786590729339808,15.365092972714415,63,21873761
282,high_gdp_first,13.860480002533798,15.444266037202379,63,21990754
283,high_gdp_first,13.932802869786284,15.521713683363627,63,22104569
284,high_gdp_first,14.003471308997057,15.597385839766652,63,22216139
285,high_gdp_first,14.072661560717641,15.671501609670367,63,22326079
286,high_gdp_first,14.140316238976547,15.743960020541875,63,22433300
287,high_gdp_first,14.20647842197707,15.814790499253844,63,22538116
288,high_gdp_first,14.276105790935564,15.889431918084538,63,22647856
289,high_gdp_first,14.349391187045299,15.96791454465635,63,22764081
290,high_gdp_first,14.426553959887844,16.05050409212681,63,22886234
291,high_gdp_first,14.507729055954433,16.137408090616272,63,23013976
292,high_gdp_first,14.593072371175971,16.22876090292365,63,23149162
293,high_gdp_first,14.67654633379776,16.318140864550838,63,23280793
294,high_gdp_first,14.758222699905371,16.40559186496033,63,23410263
295,high_gdp_first,14.838029498671998,16.491111695038295,63,23536994
296,high_gdp_first,14.916124505300418,16.574759395744586,63,23660695
297,high_gdp_first,14.992440322899537,16.65656383306175,63,23781006
298,high_gdp_first,15.067127043299342,16.736531340125286,63,23899000
299,high_gdp_first,15.140113805067198,16.814699316118173,63,24014548
300,high_gdp_first,15.211527554132777,16.891149939565096,63,24127366
301,high_gdp_first,15.281380675088966,16.965854560587946,63,24237765
302,high_gdp_first,15.349728738308443,17.03904551846998,63,24345304
303,high_gdp_first,15.416517903378722,17.11056492665335,63,24450879
304,high_gdp_first,15.486788796948897,17.18575645082077,63,24561747
305,high_gdp_first,15.56071148140781,17.264850322111926,63,24679266
306,high_gdp_first,15.638455112683948,17.34804945660501,63,24802290
307,high_gdp_first,15.720258074552452,17.435600594158725,63,24931876
308,high_gdp_first,15.806290933165156,17.527639613511756,63,25067484
309,high_gdp_first,15.890435047842265,17.61769462818734,63,25200593
310,high_gdp_first,15.972711640368129,17.705754590290486,63,25330506
311,high_gdp_first,16.053176134630654,17.791679519069408,63,25457972
312,high_gdp_first,16.131877040801335,17.875795288745046,63,25582518
313,high_gdp_first,16.20881120076137,17.957979286929547,63,25704262
314,high_gdp_first,16.284023644461566,18.03838930211343,63,25822868
315,high_gdp_first,16.357629377450802,18.116981822978204,63,25939093
316,high_gdp_first,16.42951022773165,18.193744147019185,63,26052848
317,high_gdp_first,16.4998386321355,18.26875244895012,63,26164013
318,high_gdp_first,16.568626966698456,18.342212738547353,63,26272679
319,high_gdp_first,16.635936086125945,18.413979374952575,63,26378976
320,high_gdp_first,16.70662504867529,18.48926234718365,63,26490814
321,high_gdp_first,16.781077426285492,18.568678049247133,63,26608929
322,high_gdp_first,16.85929109834104,18.651958825810365,63,26732757
323,high_gdp_first,16.941568831325135,18.73952639325399,63,26863752
324,high_gdp_first,17.028121450742205,18.831680725254735,63,27000439
325,high_gdp_first,17.112761387847772,18.921700178836918,63,27134144
326,high_gdp_first,17.19551944990841,19.00976620140163,63,27264938
327,high_gdp_first,17.276450078858826,19.095891263657727,63,27393095
328,high_gdp_first,17.355565087460715,19.18001044043672,63,27518609
329,high_gdp_first,17.432953683161085,19.26229010698268,63,27641044
330,high_gdp_first,17.508573238435144,19.342550700393026,63,27760906
331,high_gdp_first,17.58254716563298,19.421154487327275,63,27877453
332,high_gdp_first,17.654819615549307,19.497907616885254,63,27992177
333,high_gdp_first,17.725553198920586,19.57298888484207,63,28104019
334,high_gdp_first,17.794749102901168,19.64636715048012,63,28213583
335,high_gdp_first,17.86242377672,19.718203706247913,63,28320630
336,high_gdp_first,17.928538286666498,19.788349081808043,63,28424771
337,high_gdp_first,17.998099161902722,19.86216198298434,63,28535020
338,high_gdp_first,18.071186968768608,19.93960561186228,63,28649938
339,high_gdp_first,18.148067139194215,20.021024855257732,63,28771095
340,high_gdp_first,18.228910179148805,20.106542203073758,63,28899002
341,high_gdp_first,18.313934151743567,20.19644611749289,63,29033357
342,high_gdp_first,18.397083199575007,20.284335944513945,63,29163857
343,high_gdp_first,18.478373993788693,20.370094395561672,63,29291701
344,high_gdp_first,18.55782541374274,20.453980380083323,63,29416774
345,high_gdp_first,18.635538867740337,20.535880257000855,63,29539404
346,high_gdp_first,18.71152402305841,20.615959934851517,63,29659547
347,high_gdp_first,18.785771379263785,20.694152283464316,63,29777204
348,high_gdp_first,18.85840527617461,20.77067863636394,63,29891837
349,high_gdp_first,18.92960509432629,20.84677903839312,63,30003944
350,high_gdp_first,19.00039453883209,20.927506570542278,63,30113135
351,high_gdp_first,19.08115978104855,21.07298345425934,63,30220536
352,high_gdp_first,19.16295602405452,21.23151388433444,63,30324249
353,high_gdp_first,19.25116393388588,21.41045087194921,63,30434002
354,high_gdp_first,19.342882298539283,21.592954780273725,63,30550102
355,high_gdp_first,19.438217104740957,21.77831663531166,63,30672157
356,high_gdp_first,19.540612073513774,21.985584369258635,63,30800335
357,high_gdp_first,19.650456245151144,22.216115100069562,63,30935322
358,high_gdp_first,19.76237900339069,22.467310042800655,63,31066745
359,high_gdp_first,19.873284745123545,22.72148787058324,63,31194762
360,high_gdp_first,19.979951816433186,22.959852103331098,63,31320369
361,high_gdp_first,20.084843431979664,23.196149614766366,63,31443021
362,high_gdp_first,20.18903349591698,23.43637525239401,63,31562901
363,high_gdp_first,20.295951464112292,23.700154304252347,63,31679931
364,high_gdp_first,20.406262190065597,23.991487815284085,63,31794498
365,high_gdp_first,20.52013225846408,24.310938018137954,63,31905954
366,high_gdp_first,20.634496180219898,24.640330059109985,63,32015515
367,high_gdp_first,20.74979762161903,24.98278818400194,63,32121781
368,high_gdp_first,20.867866932588868,25.348179437920482,63,32226132
369,high_gdp_first,20.991585150122674,25.73017367971282,63,32335744
370,high_gdp_first,21.123999541169784,26.14466330076878,63,32450365
371,high_gdp_first,21.267486681855303,26.604947633101215,63,32571567
372,high_gdp_first,21.419478096091538,27.09518110580235,63,32697937
373,high_gdp_first,21.58458241142941,27.64146906460533,63,32831668
374,high_gdp_first,21.75854376381102,28.247755701163292,63,32961334
375,high_gdp_first,21.934453389092372,28.873926870101492,63,33088633
376,high_gdp_first,22.10757790009562,29.492634624198427,63,33212368
377,high_gdp_first,22.290752614054618,30.17765855416867,63,33333836
378,high_gdp_first,22.476450873216486,30.88529053250029,63,33452169
379,high_gdp_first,22.66713378125202,31.629724108929956,63,33568194
380,high_gdp_first,22.877706421300868,32.49633610120778,63,33680977
381,high_gdp_first,23.09353217371039,33.40074141230036,63,33791689
382,high_gdp_first,23.317442934438674,34.35880724844399,63,33898982
383,high_gdp_first,23.538082780935753,35.30552517339648,63,34003696
384,high_gdp_first,23.768043007337813,36.289741084578544,63,34113427
385,high_gdp_first,24.009605139243085,37.323005378583275,64,34228396
386,high_gdp_first,24.262375572024865,38.40230468953399,64,34349405
387,high_gdp_first,24.526934892952013,39.53028977488794,64,34475534
388,high_gdp_first,24.804920753259356,40.71586022798241,64,34607431
389,high_gdp_first,25.094691281718095,41.94734442017387,64,34746185
390,high_gdp_first,25.38735762754803,43.064391683379505,64,34880872
391,high_gdp_first,25.68917089925509,43.32788278977875,64,35012853
392,high_gdp_first,25.996643841509403,43.59602079913337,64,35141385
393,high_gdp_first,26.305056892423494,43.8647201964667,64,35267216
394,high_gdp_first,26.612190071674796,44.131946744833975,64,35389639
395,high_gdp_first,26.91899277900508,44.39864874592086,64,35508997
396,high_gdp_first,27.220653263016096,44.660557376374534,64,35625637
397,high_gdp_first,27.51534716575783,44.91593751100876,64,35739413
398,high_gdp_first,27.816935941197528,45.17746298679311,64,35849896
399,high_gdp_first,28.12630667803261,45.44592568655136,64,35957932
400,high_gdp_first,28.454813208352157,45.73165614729135,64,36063475
401,high_gdp_first,28.800421956661786,46.03149088200589,64,36173066
402,high_gdp_first,29.160899515011412,46.34337379018258,64,36287977
403,high_gdp_first,29.53603167624828,46.66700678597312,64,36406994
404,high_gdp_first,29.921769933544063,46.998854634081425,64,36531995
405,high_gdp_first,30.308913880022814,47.330443340726674,64,36661352
406,high_gdp_first,30.699431329269302,47.66346117155035,64,36796002
407,high_gdp_first,31.080850177467507,47.98846274348608,64,36926777
408,high_gdp_first,31.456771988472198,48.30870957868301,64,37054084
409,high_gdp_first,31.834148952705853,48.63054857933918,64,37177731
410,high_gdp_first,32.20619235310679,48.947878322602875,64,37298640
411,high_gdp_first,32.57504541055145,49.26256563936296,64,37416092
412,high_gdp_first,32.93563655903932,49.57001102997618,64,37530562
413,high_gdp_first,33.2910332054562,49.873055581124355,64,37641404
414,high_gdp_first,33.647009640828585,50.176921995957095,64,37749220
415,high_gdp_first,34.00662503366411,50.48442933837965,64,37854030
416,high_gdp_first,34.36436317488044,50.788953028359295,64,37962872
417,high_gdp_first,34.724315787416266,51.09417951863831,64,38074976
418,high_gdp_first,35.086251035896225,51.3998992463386,64,38191693
419,high_gdp_first,35.452215182857856,51.70787190298575,64,38311670
420,high_gdp_first,35.82482074562963,52.02040944267555,64,38435017
421,high_gdp_first,36.205541511341615,52.33876188016932,64,38562686
422,high_gdp_first,36.597231937617536,52.66551926023948,64,38695313
423,high_gdp_first,37.002565506896644,53.00306470986398,64,38832088
424,high_gdp_first,37.41494897532427,53.347585287144895,64,38964958
425,high_gdp_first,37.82682550754201,53.692305392688496,64,39093667
426,high_gdp_first,38.24906333487492,54.04708920600777,64,39218563
427,high_gdp_first,38.68303190143002,54.41301087997283,64,39339657
428,high_gdp_first,39.129022690198084,54.79041069299821,64,39458007
429,high_gdp_first,39.5878690476672,55.18004285957539,65,39572430
430,high_gdp_first,40.0583285923883,55.58079837896821,65,39683538
431,high_gdp_first,40.54082763747214,55.99304653757051,65,39791052
432,high_gdp_first,41.02644580774468,56.40860880395689,65,39895569
433,high_gdp_first,41.53025470691192,56.83936237740971,65,40002654
434,high_gdp_first,42.04729628499119,57.2807841637577,65,40113866
435,high_gdp_first,42.5767530392789,57.73201822000137,65,40228352
436,high_gdp_first,43.10647570046612,58.18196908126126,65,40345905
437,high_gdp_first,43.648994333976326,58.64205656872439,65,40467589
438,high_gdp_first,44.20045016241581,59.10869989306293,65,40593444
439,high_gdp_first,44.7580618517757,60.010170843379036,65,40723338
440,high_gdp_first,45.33742466287967,61.85107306362777,66,40857581
441,high_gdp_first,45.92909102003506,63.80889415741488,66,40987777
442,high_gdp_first,46.529324811442386,66.05274210239483,67,41113530
443,high_gdp_first,47.14326934919816,66.39040176096995,67,41235709
444,high_gdp_first,47.76833115979624,66.52709406828438,67,41354666
445,high_gdp_first,48.40360146640517,66.66465186368765,67,41469299
446,high_gdp_first,49.057024749647276,66.80468261468269,67,41579948
447,high_gdp_first,49.7193795491894,66.94548473073283,67,41687708
448,high_gdp_first,50.39085220421594,67.08713622609336,67,41791497
449,high_gdp_first,51.085921733026595,67.23298721958608,67,41897438
450,high_gdp_first,51.8247851700893,67.38690204227454,67,42004731
451,high_gdp_first,52.609886406717344,67.5492188655201,67,42113488
452,high_gdp_first,53.42819078968042,67.71763827680634,67,42222584
453,high_gdp_first,54.261090168316926,67.88880036238022,67,42333289
454,high_gdp_first,55.09741591207957,68.06063525659094,67,42444156
455,high_gdp_first,55.95147171730204,68.23580771301252,67,42555597
456,high_gdp_first,56.830430254718365,68.41567238049751,68,42666580
457,high_gdp_first,57.73884139682241,68.60116349068542,68,42776525
458,high_gdp_first,58.645379808941776,68.7863825807127,68,42886366
459,high_gdp_first,59.536394102004785,68.96887362075907,68,42995864
460,high_gdp_first,60.43086971101856,69.15221429452616,68,43104379
461,high_gdp_first,61.33218490673176,70.58897117929988,69,43211517
462,high_gdp_first,62.246980791497165,73.6561739450768,70,43317962
463,high_gdp_first,63.1669225398576,75.1123835948121,71,43423330
464,high_gdp_first,64.09696160441345,75.83077446867675,72,43527336
465,high_gdp_first,65.05045757774474,78.04853993820227,74,43630705
466,high_gdp_first,66.02731408513526,79.25319549907982,75,43733959
467,high_gdp_first,67.01256464631669,81.45055059751076,77,43835901
468,high_gdp_first,68.0241949505412,82.32578448977371,78,43936589
469,high_gdp_first,69.0372237394848,82.7403376508434,78,44036053
470,high_gdp_first,70.04491270557433,83.10020152153407,79,44133991
471,high_gdp_first,71.01817102127013,84.190996895636,81,44230599
472,high_gdp_first,71.9621804758943,86.01125775158408,84,44324878
473,high_gdp_first,72.88922197220869,87.32074341171919,88,44417998
474,high_gdp_first,73.79954700664422,88.17107532663206,91,44509373
475,high_gdp_first,74.68728939300904,88.97987094763397,93,44599009
476,high_gdp_first,75.56180198478113,89.20315168196043,94,44686674
477,high_gdp_first,76.43219865723403,89.36672284982524,95,44772769
478,high_gdp_first,77.32519669750712,90.41761344048514,99,44856240
479,high_gdp_first,78.22571880458307,90.86321001230473,101,44938224
480,high_gdp_first,79.13493157637394,90.99433178664059,102,45017942
481,high_gdp_first,80.06328686333201,91.48589183066099,104,45094732
482,high_gdp_first,81.0097570544054,91.65859558968174,105,45168717
483,high_gdp_first,81.99056996809465,91.90294771625052,106,45239831
484,high_gdp_first,83.0120616941,92.45825367666927,109,45307257
485,high_gdp_first,84.0522730584113,93.53606943573621,117,45372018
486,high_gdp_first,85.13796302925465,94.07849866888856,123,45433549
487,high_gdp_first,86.21816450923863,94.30298508360973,126,45492084
488,high_gdp_first,87.28902208601068,94.6259584459755,131,45547734
489,high_gdp_first,88.34117215431503,94.85859637666456,136,45600026
490,high_gdp_first,89.37197047057984,95.12452172340963,143,45649518
491,high_gdp_first,90.37704469826693,95.43971227988004,153,45695997
492,high_gdp_first,91.37875675474511,95.66302367987555,162,45739710
493,high_gdp_first,92.376201050398,95.82611693990984,171,45780372
494,high_gdp_first,93.41436355830847,95.95683196554336,180,45818449
495,high_gdp_first,94.46703259167452,96.10750269408867,195,45853838
496,high_gdp_first,95.55908370358163,96.2436403071661,212,45887149
497,high_gdp_first,96.20597471545108,96.30861319909948,235,45917872
498,high_gdp_first,96.22441116993636,96.31352299550653,235,45946453
499,high_gdp_first,96.24151913012719,96.3180859752652,235,45973204
500,high_gdp_first,96.25742695064746,96.32233000428181,235,45997779
501,high_gdp_first,96.27221428755418,96.32626831688484,235,46020492
502,high_gdp_first,96.28593532126341,96.329927046625,235,46041965
503,high_gdp_first,96.2986839544839,96.33332803764615,235,46061753
504,high_gdp_first,96.3105270370904,96.33648428765427,235,46080175
505,high_gdp_first,96.32152848228625,96.33941333975288,235,46097464
506,high_gdp_first,96.3317230876996,96.34212777968732,235,46113261
507,high_gdp_first,96.341193478058,96.34465924238262,235,46128081
508,high_gdp_first,96.34998920958849,96.34700570837134,235,46141553
509,high_gdp_first,96.35817125664192,96.3491815245094,235,46154245
510,high_gdp_first,96.36576148288569,96.3512112864773,235,46166004
511,high_gdp_first,96.37280814317864,96.35308747002922,235,46176816
512,high_gdp_first,96.3793565456725,96.35483460018257,235,46186926
513,high_gdp_first,96.38542956071905,96.35645207807875,235,46196350
514,high_gdp_first,96.39105926815293,96.3579567025387,235,46205005
515,high_gdp_first,96.39630722884858,96.35936089722895,235,46213048
516,high_gdp_first,96.40116876924918,96.36065933749165,235,46220672
517,high_gdp_first,96.4056748724255,96.36186478283854,235,46227713
518,high_gdp_first,96.40987630748099,96.36298514739501,235,46234198
519,high_gdp_first,96.4137677154695,96.36402844727681,235,46240158
520,high_gdp_first,96.41739125504044,96.36499661169721,235,46245766
521,high_gdp_first,96.42072975116615,96.36588511703829,235,46250791
522,high_gdp_first,96.42384677741747,96.3667174014188,235,46255565
523,high_gdp_first,96.42674293321839,96.36748867938785,235,46259990
524,high_gdp_first,96.42942499190373,96.36819819876473,235,46264181
525,high_gdp_first,96.43192363655007,96.36886197846457,235,46268067
526,high_gdp_first,96.43422659870619,96.36947831734663,235,46271496
527,high_gdp_first,96.43637009544476,96.37004858367152,235,46274711
528,high_gdp_first,96.43836303336576,96.37058273257799,235,46277876
529,high_gdp_first,96.4402082598913,96.37107893910552,235,46280748
530,high_gdp_first,96.4419329508334,96.3715380757205,235,46283334
531,high_gdp_first,96.44353110194861,96.3719629152653,235,46285865
532,high_gdp_first,96.44500881803918,96.37235838682113,235,46288171
533,high_gdp_first,96.44638691086224,96.3727227114341,235,46290319
534,high_gdp_first,96.4476652173124,96.37306243685421,235,46292214
535,high_gdp_first,96.44885258171247,96.37337644386407,235,46294016
536,high_gdp_first,96.44995605872548,96.3736716794718,235,46295707
537,high_gdp_first,96.45098613127793,96.37394633001304,235,46297251
538,high_gdp_first,96.45193878575617,96.3741984081711,235,46298704
539,high_gdp_first,96.45281923407758,96.37443246834773,235,46300042
540,high_gdp_first,96.45363639695074,96.37464977256313,235,46301315
541,high_gdp_first,96.45439860162948,96.3748541161476,235,46302488
542,high_gdp_first,96.45511037943952,96.37504435820864,235,46303586
543,high_gdp_first,96.45576440968432,96.37521906046693,235,46304644
544,high_gdp_first,96.45638068062526,96.37538285834653,235,46305555
545,high_gdp_first,96.4569453364359,96.37553398985631,235,46306421
546,high_gdp_first,96.45747072960448,96.3756727515082,235,46307210
547,high_gdp_first,96.45796361733127,96.37580484503093,235,46307962
548,high_gdp_first,96.45842079704005,96.37592763340005,235,46308653
549,high_gdp_first,96.45883966003206,96.37604101621152,235,46309315
550,high_gdp_first,96.45923518324052,96.37614634623301,235,46309906
551,high_gdp_first,96.4595982027699,96.37624191541903,235,46310456
552,high_gdp_first,96.4599381029109,96.3763335420255,235,46310961
553,high_gdp_first,96.46025000802253,96.37641526940259,235,46311415
554,high_gdp_first,96.46054211907018,96.37649245444706,235,46311890
555,high_gdp_first,96.46081169626378,96.37656528309323,235,46312366
556,high_gdp_first,96.46106454546305,96.37663219443174,235,46312762
557,high_gdp_first,96.4612972819347,96.3766946863419,235,46313142
558,high_gdp_first,96.46151715459483,96.3767526275908,235,46313515
559,high_gdp_first,96.4617165293911,96.3768062883951,235,46313811
560,high_gdp_first,96.46190059865636,96.37685511707546,235,46314049
561,high_gdp_first,96.46207298606767,96.37690157701671,235,46314320
562,high_gdp_first,96.46223391546786,96.37694456067659,235,46314586
563,high_gdp_first,96.46238161532742,96.37698381773968,235,46314798
564,high_gdp_first,96.46252004646063,96.37702132628651,235,46314987
565,high_gdp_first,96.46264959707433,96.37705587641673,235,46315179
566,high_gdp_first,96.46276954946751,96.3770880895659,235,46315363
567,high_gdp_first,96.46288080567223,96.37711723449947,235,46315542
568,high_gdp_first,96.46298505210852,96.37714538456892,235,46315697
569,high_gdp_first,96.46308079125129,96.37717040490071,235,46315829
570,high_gdp_first,96.46316930454537,96.37719405842273,235,46315958
571,high_gdp_first,96.46325262927344,96.37721622995363,235,46316088
572,high_gdp_first,96.4633293951433,96.37723743405782,235,46316224
573,high_gdp_first,96.46339996247717,96.37725665435828,235,46316340
574,high_gdp_first,96.4634665981226,96.37727456060634,235,46316446
575,high_gdp_first,96.46352774699905,96.37729058963443,235,46316556
576,high_gdp_first,96.46358366755135,96.3773051157818,235,46316641
577,high_gdp_first,96.46363602566049,96.37731949134833,235,46316727
578,high_gdp_first,96.46368637868818,96.3773329304764,235,46316795
579,high_gdp_first,96.46373314802464,96.3773451724455,235,46316854
580,high_gdp_first,96.4637761719549,96.37735679113155,235,46316919
581,high_gdp_first,96.46381547114308,96.37736730356997,235,46316973
582,high_gdp_first,96.46385252518694,96.37737722792124,235,46317026
583,high_gdp_first,96.46388640989211,96.37738626545512,235,46317067
584,high_gdp_first,96.46391715713031,96.37739456503022,235,46317111
585,high_gdp_first,96.46394686310992,96.37740240549854,235,46317146
586,high_gdp_first,96.46397314906491,96.37740959504326,235,46317181
587,high_gdp_first,96.46399834911138,96.37741641466417,235,46317220
588,high_gdp_first,96.46402266928507,96.37742238120987,235,46317264
589,high_gdp_first,96.46404463090033,96.37742820675703,235,46317301
590,high_gdp_first,96.46406406481327,96.37743367373783,235,46317334
591,high_gdp_first,96.46408266441568,96.37743865917899,235,46317357
592,high_gdp_first,96.46409998178514,96.3774432419987,235,46317390
593,high_gdp_first,96.464115973969,96.37744766664126,235,46317414
594,high_gdp_first,96.46413141348715,96.37745178641045,235,46317433
595,high_gdp_first,96.46414558459078,96.37745566733584,235,46317460
596,high_gdp_first,96.46415800279348,96.37745899829282,235,46317482
597,high_gdp_first,96.46417024442262,96.37746235513127,235,46317495
598,high_gdp_first,96.46418117846363,96.37746495775893,235,46317517
599,high_gdp_first,96.46419073660847,96.37746735926899,235,46317528
600,high_gdp_first,96.46420046207184,96.37746977914911,235,46317540
601,high_gdp_first,96.46420927865654,96.37747208012063,235,46317564
602,high_gdp_first,96.46421723238099,96.37747404903229,235,46317584
603,high_gdp_first,96.46422504642376,96.3774759591425,235,46317599
604,high_gdp_first,96.46423250001806,96.37747792426573,235,46317612
605,high_gdp_first,96.46423929815677,96.37747977664884,235,46317619
606,high_gdp_first,96.46424555288483,96.37748135246551,235,46317629
607,high_gdp_first,96.46425140570923,96.37748308562522,235,46317643
608,high_gdp_first,96.46425671831722,96.37748457098616,235,46317653
609,high_gdp_first,96.46426225032303,96.37748600986723,235,46317663
610,high_gdp_first,96.46426677750522,96.37748712651475,235,46317669
611,high_gdp_first,96.46427093921945,96.377488303221,235,46317684
612,high_gdp_first,96.46427509304738,96.37748950726254,235,46317688
613,high_gdp_first,96.46427901274646,96.37749073031043,235,46317696
614,high_gdp_first,96.46428238069227,96.37749174028988,235,46317697
615,high_gdp_first,96.46428530847346,96.3774923512922,235,46317701
616,high_gdp_first,96.4642886888687,96.37749324565593,235,46317703
617,high_gdp_first,96.4642912419267,96.37749389093608,235,46317708
618,high_gdp_first,96.46429369173865,96.37749453848683,235,46317713
619,high_gdp_first,96.46429605349185,96.37749523260636,235,46317713
620,high_gdp_first,96.46429847840491,96.37749579302942,235,46317716
621,high_gdp_first,96.46430099457088,96.37749653793433,235,46317717
622,high_gdp_first,96.46430288989167,96.37749709307477,235,46317721
623,high_gdp_first,96.46430469487217,96.37749763727027,235,46317725
624,high_gdp_first,96.4643065265768,96.37749825104271,235,46317727
625,high_gdp_first,96.46430812597784,96.3774987176212,235,46317729
626,high_gdp_first,96.46430932530046,96.37749896979383,235,46317731
627,high_gdp_first,96.46431053570362,96.37749929906465,235,46317737
628,high_gdp_first,96.46431200650342,96.37749971237888,235,46317738
629,high_gdp_first,96.46431311594206,96.37749995445189,235,46317739
630,high_gdp_first,96.4643141087726,96.3775002534428,235,46317741
631,high_gdp_first,96.46431481767654,96.37750040240788,235,46317743
632,high_gdp_first,96.46431561783336,96.37750067138045,235,46317743
633,high_gdp_first,96.4643163525488,96.37750084243166,235,46317745
634,high_gdp_first,96.4643171006263,96.37750105241246,235,46317746
635,high_gdp_first,96.46431787451532,96.37750121154413,235,46317747
636,high_gdp_first,96.4643187124768,96.37750145109867,235,46317749
637,high_gdp_first,96.46431943474279,96.37750157273202,235,46317750
638,high_gdp_first,96.46432004040068,96.37750174930906,235,46317752
639,high_gdp_first,96.46432056908033,96.37750187082719,235,46317753
640,high_gdp_first,96.4643210982163,96.37750203989555,235,46317753
641,high_gdp_first,96.46432151120047,96.37750217758511,235,46317753
642,high_gdp_first,96.4643219366341,96.37750226706493,235,46317754
643,high_gdp_first,96.4643222205607,96.3775023396292,235,46317754
644,high_gdp_first,96.46432250448733,96.3775023979332,235,46317754
645,high_gdp_first,96.46432283958066,96.37750246056706,235,46317755
646,high_gdp_first,96.46432309769577,96.37750253086794,235,46317755
647,high_gdp_first,96.46432334290512,96.37750258095585,235,46317755
648,high_gdp_first,96.46432358720186,96.37750263261294,235,46317757
649,high_gdp_first,96.46432388403423,96.37750271230526,235,46317757
650,high_gdp_first,96.46432410343206,96.37750287987535,235,46317757
651,high_gdp_first,96.46432433573567,96.37750298751594,235,46317757
652,high_gdp_first,96.46432459385078,96.37750311157507,235,46317757
653,high_gdp_first,96.46432480034285,96.3775031533553,235,46317757
654,high_gdp_first,96.46432491649465,96.377503171631,235,46317757
655,high_gdp_first,96.46432508381316,96.37750320021843,235,46317758
656,high_gdp_first,96.46432522577648,96.37750322619993,235,46317758
657,high_gdp_first,96.46432539355129,96.37750326716575,235,46317758
658,high_gdp_first,96.46432554842036,96.37750330436332,235,46317758
659,high_gdp_first,96.46432565121009,96.37750332292234,235,46317759
660,high_gdp_first,96.46432578026764,96.37750335874254,235,46317759
661,high_gdp_first,96.46432584479642,96.37750341541562,235,46317759
662,high_gdp_first,96.46432594758616,96.37750344878717,235,46317760
663,high_gdp_first,96.46432599920918,96.37750345379112,235,46317760
664,high_gdp_first,96.46432606373796,96.37750347507385,235,46317760
665,high_gdp_first,96.46432621860703,96.37750354659993,235,46317760
666,high_gdp_first,96.46432627023005,96.3775035561697,235,46317760
667,high_gdp_first,96.46432629604156,96.37750360567628,235,46317760
668,high_gdp_first,96.4643263992876,96.37750362696417,235,46317760
669,high_gdp_first,96.46432641219336,96.37750362869242,235,46317760
670,high_gdp_first,96.46432650207734,96.3775036458064,235,46317761
671,high_gdp_first,96.46432655370036,96.37750366320186,235,46317761
672,high_gdp_first,96.46432659241762,96.37750366994322,235,46317761
673,high_gdp_first,96.46432660532338,96.3775036826516,235,46317761
674,high_gdp_first,96.4643266569464,96.3775036907636,235,46317761
675,high_gdp_first,96.46432666985216,96.37750369132277,235,46317761
676,high_gdp_first,96.46432672147517,96.3775036975455,235,46317761
677,high_gdp_first,96.4643267730982,96.37750370535483,235,46317761
678,high_gdp_first,96.46432678600395,96.3775037059534,235,46317761
679,high_gdp_first,96.46432683762697,96.37750371676273,235,46317761
680,high_gdp_first,96.46432685053273,96.37750371849097,235,46317761
681,high_gdp_first,96.46432686343849,96.37750371905014,235,46317761
682,high_gdp_first,96.46432687634424,96.37750372026984,235,46317761
683,high_gdp_first,96.46432690215575,96.37750373179183,235,46317761
684,high_gdp_first,96.46432690215575,96.37750373179183,235,46317761
685,high_gdp_first,96.46432690215575,96.37750373179183,235,46317761
686,high_gdp_first,96.46432692796726,96.37750373460406,235,46317761
687,high_gdp_first,96.46432695377877,96.37750374938935,235,46317761
688,high_gdp_first,96.46432696668452,96.3775037511176,235,46317761
689,high_gdp_first,96.46432696668452,96.3775037511176,235,46317761
690,high_gdp_first,96.46432696668452,96.3775037511176,235,46317761
691,high_gdp_first,96.46432696668452,96.3775037511176,235,46317761
692,high_gdp_first,96.46432699249604,96.37750375223591,235,46317761
693,high_gdp_first,96.46432701830754,96.37750375755907,235,46317761
694,high_gdp_first,96.46432701830754,96.37750375755907,235,46317761
695,high_gdp_first,96.46432701830754,96.37750375755907,235,46317761
696,high_gdp_first,96.46432701830754,96.37750375755907,235,46317761
697,high_gdp_first,96.46432701830754,96.37750375755907,235,46317761
698,high_gdp_first,96.4643270312133,96.37750375877877,235,46317761
699,high_gdp_first,96.46432706993058,96.377503767802,235,46317761
700,high_gdp_first,96.46432706993058,96.377503767802,235,46317761
701,high_gdp_first,96.46432708283632,96.37750376846842,235,46317761
702,high_gdp_first,96.46432708283632,96.37750376846842,235,46317761
703,high_gdp_first,96.46432708283632,96.37750376846842,235,46317761
704,high_gdp_first,96.46432708283632,96.37750376846842,235,46317761
705,high_gdp_first,96.46432708283632,96.37750376846842,235,46317761
706,high_gdp_first,96.46432709574208,96.37750376947378,235,46317761
707,high_gdp_first,96.46432710864784,96.37750377175493,235,46317761
708,high_gdp_first,96.46432710864784,96.37750377175493,235,46317761
709,high_gdp_first,96.46432710864784,96.37750377175493,235,46317761
710,high_gdp_first,96.46432713445935,96.37750377859636,235,46317761
711,high_gdp_first,96.46432713445935,96.37750377859636,235,46317761
712,high_gdp_first,96.46432713445935,96.37750377859636,235,46317761
713,high_gdp_first,96.46432713445935,96.37750377859636,235,46317761
714,high_gdp_first,96.46432713445935,96.37750377859636,235,46317761
715,high_gdp_first,96.46432713445935,96.37750377859636,235,46317761
716,high_gdp_first,96.46432713445935,96.37750377859636,235,46317761
717,high_gdp_first,96.46432713445935,96.37750377859636,235,46317761
718,high_gdp_first,96.46432713445935,96.37750377859636,235,46317761
719,high_gdp_first,96.46432713445935,96.37750377859636,235,46317761
720,high_gdp_first,96.46432713445935,96.37750377859636,235,46317761
721,high_gdp_first,96.46432713445935,96.37750377859636,235,46317761
722,high_gdp_first,96.46432713445935,96.37750377859636,235,46317761
723,high_gdp_first,96.46432713445935,96.37750377859636,235,46317761
724,high_gdp_first,96.4643271473651,96.37750378200661,235,46317761
725,high_gdp_first,96.4643271473651,96.37750378200661,235,46317761
726,high_gdp_first,96.4643271473651,96.37750378200661,235,46317761
727,high_gdp_first,96.4643271473651,96.37750378200661,235,46317761
728,high_gdp_first,96.4643271473651,96.37750378200661,235,46317761
729,high_gdp_first,96.4643271473651,96.37750378200661,235,46317761
730,high_gdp_first,96.4643271473651,96.37750378200661,235,46317761
731,high_gdp_first,96.4643271473651,96.37750378200661,235,46317761
732,high_gdp_first,96.4643271473651,96.37750378200661,235,46317761
733,high_gdp_first,96.4643271473651,96.37750378200661,235,46317761
734,high_gdp_first,96.4643271473651,96.37750378200661,235,46317761
735,high_gdp_first,96.4643271473651,96.37750378200661,235,46317761
736,high_gdp_first,96.4643271473651,96.37750378200661,235,46317761
737,high_gdp_first,96.4643271473651,96.37750378200661,235,46317761
738,high_gdp_first,96.4643271473651,96.37750378200661,235,46317761
739,high_gdp_first,96.4643271473651,96.37750378200661,235,46317761
740,high_gdp_first,96.4643271473651,96.37750378200661,235,46317761
741,high_gdp_first,96.4643271473651,96.37750378200661,235,46317761
742,high_gdp_first,96.4643271473651,96.37750378200661,235,46317761
743,high_gdp_first,96.4643271473651,96.37750378200661,235,46317761
744,high_gdp_first,96.4643271473651,96.37750378200661,235,46317761
745,high_gdp_first,96.4643271473651,96.37750378200661,235,46317761
746,high_gdp_first,96.4643271473651,96.37750378200661,235,46317761
747,high_gdp_first,96.4643271473651,96.37750378200661,235,46317761
748,high_gdp_first,96.4643271473651,96.37750378200661,235,46317761
749,high_gdp_first,96.4643271473651,96.37750378200661,235,46317761
750,high_gdp_first,96.4643271473651,96.37750378200661,235,46317761
751,high_gdp_first,96.4643271473651,96.37750378200661,235,46317761
752,high_gdp_first,96.4643271473651,96.37750378200661,235,46317761
753,high_gdp_first,96.4643271473651,96.37750378200661,235,46317761
754,high_gdp_first,96.4643271473651,96.37750378200661,235,46317761
755,high_gdp_first,96.4643271473651,96.37750378200661,235,46317761
756,high_gdp_first,96.4643271473651,96.37750378200661,235,46317761
757,high_gdp_first,96.4643271473651,96.37750378200661,235,46317761
758,high_gdp_first,96.4643271473651,96.37750378200661,235,46317761
759,high_gdp_first,96.4643271473651,96.37750378200661,235,46317761
760,high_gdp_first,96.4643271473651,96.37750378200661,235,46317761
761,high_gdp_first,96.4643271473651,96.37750378200661,235,46317761
762,high_gdp_first,96.4643271473651,96.37750378200661,235,46317761
763,high_gdp_first,96.4643271473651,96.37750378200661,235,46317761
764,high_gdp_first,96.4643271473651,96.37750378200661,235,46317761
765,high_gdp_first,96.4643271473651,96.37750378200661,235,46317761
766,high_gdp_first,96.4643271473651,96.37750378200661,235,46317761
767,high_gdp_first,96.4643271473651,96.37750378200661,235,46317761
768,high_gdp_first,96.4643271473651,96.37750378200661,235,46317761
769,high_gdp_first,96.4643271473651,96.37750378200661,235,46317761
770,high_gdp_first,96.4643271473651,96.37750378200661,235,46317761
771,high_gdp_first,96.4643271473651,96.37750378200661,235,46317761
772,high_gdp_first,96.4643271473651,96.37750378200661,235,46317761
773,high_gdp_first,96.4643271473651,96.37750378200661,235,46317761
774,high_gdp_first,96.4643271473651,96.37750378200661,235,46317761
775,high_gdp_first,96.4643271473651,96.37750378200661,235,46317761
776,high_gdp_first,96.4643271473651,96.37750378200661,235,46317761
777,high_gdp_first,96.4643271473651,96.37750378200661,235,46317761
778,high_gdp_first,96.4643271473651,96.37750378200661,235,46317761
779,high_gdp_first,96.4643271473651,96.37750378200661,235,46317761
780,high_gdp_first,96.4643271473651,96.37750378200661,235,46317761
781,high_gdp_first,96.4643271473651,96.37750378200661,235,46317761
782,high_gdp_first,96.4643271473651,96.37750378200661,235,46317761
783,high_gdp_first,96.4643271473651,96.37750378200661,235,46317761
784,high_gdp_first,96.4643271473651,96.37750378200661,235,46317761
785,high_gdp_first,96.4643271473651,96.37750378200661,235,46317761
786,high_gdp_first,96.4643271473651,96.37750378200661,235,46317761
787,high_gdp_first,96.4643271473651,96.37750378200661,235,46317761
788,high_gdp_first,96.4643271473651,96.37750378200661,235,46317761
789,high_gdp_first,96.4643271473651,96.37750378200661,235,46317761
790,high_gdp_first,96.4643271473651,96.37750378200661,235,46317761
791,high_gdp_first,96.4643271473651,96.37750378200661,235,46317761
792,high_gdp_first,96.4643271473651,96.37750378200661,235,46317761
793,high_gdp_first,96.4643271473651,96.37750378200661,235,46317761
794,high_gdp_first,96.4643271473651,96.37750378200661,235,46317761
795,high_gdp_first,96.4643271473651,96.37750378200661,235,46317761
796,high_gdp_first,96.4643271473651,96.37750378200661,235,46317761
797,high_gdp_first,96.4643271473651,96.37750378200661,235,46317761
798,high_gdp_first,96.4643271473651,96.37750378200661,235,46317761
799,high_gdp_first,96.4643271473651,96.37750378200661,235,46317761
0,low_gdp_first,2.098835465503848e-05,3.182965862655957e-05,0,45
1,low_gdp_first,4.4042189408780655e-05,6.963607680898597e-05,0,82
2,low_gdp_first,6.880229044633794e-05,0.00010892389670602003,0,125
3,low_gdp_first,9.58587949496234e-05,0.000155477215144531,0,172
4,low_gdp_first,0.0001236850437594221,0.00019969763145242055,0,213
5,low_gdp_first,0.00015509060306755724,0.0002532628654764568,0,266
6,low_gdp_first,0.00018724024831952345,0.0003061670083590392,0,301
7,low_gdp_first,0.00022363631586581225,0.0003642829940544439,0,352
8,low_gdp_first,0.00026187976978021534,0.0004272037903150588,0,405
9,low_gdp_first,0.0003035485860784797,0.0004973654546015138,0,474
10,low_gdp_first,0.00034902763671490017,0.0005706752093449619,0,549
11,low_gdp_first,0.00039526360281696326,0.0006450014743509047,0,615
12,low_gdp_first,0.00044795259211223576,0.0007312302337352342,0,696
13,low_gdp_first,0.0005032458835421003,0.0008200544056643698,0,778
14,low_gdp_first,0.0005627855994113438,0.0009159583409985323,0,880
15,low_gdp_first,0.0006278546479911658,0.0010242997455473751,0,1011
16,low_gdp_first,0.000698042497018115,0.0011402865459025327,0,1137
17,low_gdp_first,0.0007715659062231875,0.0012597760698376402,0,1261
18,low_gdp_first,0.0008542749299119467,0.0013995211484969412,0,1368
19,low_gdp_first,0.0009409096545478684,0.0015398670562943972,0,1502
20,low_gdp_first,0.0010361526921592353,0.001696548997357327,0,1665
21,low_gdp_first,0.0011381566554055783,0.001863249512541679,0,1838
22,low_gdp_first,0.0012484738603047905,0.0020411374542657554,0,2006
23,low_gdp_first,0.0013682460976725697,0.0022397504191285183,0,2187
24,low_gdp_first,0.0014932526082721475,0.002443515900430338,0,2402
25,low_gdp_first,0.0016288816002022202,0.0026654745657855713,0,2631
26,low_gdp_first,0.0017754666287316816,0.002905086112420021,0,2864
27,low_gdp_first,0.00193733110125651,0.0031746122611278774,0,3136
28,low_gdp_first,0.0021077140980468637,0.0034485012874508818,0,3439
29,low_gdp_first,0.0022940436384797517,0.003758718861662107,0,3714
30,low_gdp_first,0.00249569111617503,0.00408757947971002,0,4019
31,low_gdp_first,0.00271091178666041,0.004436010309532131,0,4370
32,low_gdp_first,0.0029414375811373994,0.004814550304852516,0,4768
33,low_gdp_first,0.0031913609613484365,0.005216716785004857,0,5164
34,low_gdp_first,0.003458141783959907,0.005651518807768599,0,5583
35,low_gdp_first,0.0037472709347879402,0.006128612213744158,0,6099
36,low_gdp_first,0.004057311482731665,0.006631955770622406,0,6540
37,low_gdp_first,0.004389084567904263,0.007166355967274552,0,7056
38,low_gdp_first,0.004745284287287544,0.007739751614091748,0,7608
39,low_gdp_first,0.005132453500121261,0.008358450346254214,0,8223
40,low_gdp_first,0.005547872444882922,0.009020839859194255,0,8883
41,low_gdp_first,0.005994658584738294,0.00973780104632307,0,9564
42,low_gdp_first,0.006478674857195207,0.010511235857900623,0,10307
43,low_gdp_first,0.007001447960037606,0.01135439900289747,0,11128
44,low_gdp_first,0.007559937413923495,0.012258960587467529,0,12013
45,low_gdp_first,0.008159377472220744,0.013231477110283095,0,12923
46,low_gdp_first,0.008803488703058497,0.014248285659459774,0,13957
47,low_gdp_first,0.00949850594521405,0.015346051112174302,0,14993
48,low_gdp_first,0.010243249182045944,0.0165116734534333,0,16213
49,low_gdp_first,0.011048148277260647,0.01778691398708528,0,17428
50,low_gdp_first,0.011913870567716823,0.019137948235537917,0,18767
51,low_gdp_first,0.012840659773561839,0.020582286612401527,0,20166
52,low_gdp_first,0.013835649173606,0.022138586900361135,0,21762
53,low_gdp_first,0.014905984622828732,0.023795756276378335,1,23516
54,low_gdp_first,0.016053346533350856,0.025565773919782517,1,25274
55,low_gdp_first,0.017293014917380178,0.027475291768641972,1,27255
56,low_gdp_first,0.018620153095450967,0.029508562589220574,1,29342
57,low_gdp_first,0.02004067569371061,0.031684335308587656,1,31643
58,low_gdp_first,0.02156936187982336,0.03402141963069181,1,34092
59,low_gdp_first,0.023207943852500284,0.03647410511734132,1,36715
60,low_gdp_first,0.024961040185654634,0.039115745806593855,1,39470
61,low_gdp_first,0.02685269338221537,0.041951109813833085,1,42499
62,low_gdp_first,0.028874949167793502,0.04497498741966713,1,45649
63,low_gdp_first,0.031054595956483667,0.04819680526317619,1,49146
64,low_gdp_first,0.03340063998363694,0.051665026353079645,2,52912
65,low_gdp_first,0.03591821297390461,0.05537382392857486,2,56855
66,low_gdp_first,0.03861516724086232,0.05931428312970454,2,61062
67,low_gdp_first,0.04151545555797949,0.06353984055953517,3,65559
68,low_gdp_first,0.04461401167445488,0.06801601915771215,3,70451
69,low_gdp_first,0.04793457043410421,0.07279068986945136,3,75737
70,low_gdp_first,0.051503560207299674,0.07791785299338534,3,81305
71,low_gdp_first,0.055330528259373936,0.08337784924531128,3,87354
72,low_gdp_first,0.05942645719507657,0.08920374601616882,3,93816
73,low_gdp_first,0.06382476903572487,0.09541819884822741,3,100758
74,low_gdp_first,0.068554331828857,0.10207445616464302,3,108251
75,low_gdp_first,0.07360712818825084,0.1091269034519349,3,116183
76,low_gdp_first,0.07903527585635707,0.11665614357567494,3,124889
77,low_gdp_first,0.08482407358010133,0.124664699360658,4,134207
78,low_gdp_first,0.09104622738299446,0.13321643571107067,4,144111
79,low_gdp_first,0.0977179847617884,0.1423527567112874,4,154802
80,low_gdp_first,0.10487088169983323,0.15208440793203273,4,166101
81,low_gdp_first,0.11253421545036364,0.16248794462034838,4,178289
82,low_gdp_first,0.12074302887909152,0.17353489274899236,4,191418
83,low_gdp_first,0.12953155283093812,0.185340029195886,4,205263
84,low_gdp_first,0.13893593848861402,0.19788919162716467,5,220114
85,low_gdp_first,0.1489920032556028,0.21121798819617343,6,236140
86,low_gdp_first,0.15977519097756823,0.22544942756884906,6,253239
87,low_gdp_first,0.17128482157136346,0.24062130977777352,6,271569
88,low_gdp_first,0.18361879390251942,0.25678740118608656,6,291081
89,low_gdp_first,0.19684243766803178,0.27402566988708243,6,312382
90,low_gdp_first,0.21097695711293588,0.2923521327962193,6,334751
91,low_gdp_first,0.22608448100906275,0.3119389824799373,7,358863
92,low_gdp_first,0.2422247095236973,0.33273201413889075,8,384629
93,low_gdp_first,0.2594796391437973,0.354912009753019,8,412251
94,low_gdp_first,0.27793977945011594,0.37853418249780485,8,441641
95,low_gdp_first,0.29766344331676864,0.4036068818663411,9,473153
96,low_gdp_first,0.31874147595478974,0.43036456917755916,9,507192
97,low_gdp_first,0.3412876572571572,0.45886194970426486,9,543264
98,low_gdp_first,0.3653298076564575,0.4891763897225527,10,581758
99,low_gdp_first,0.3910599478666163,0.5215027102546831,11,622919
100,low_gdp_first,0.4185544366444757,0.5559613338279443,11,666355
101,low_gdp_first,0.44787655533937387,0.5924924412725802,11,712742
102,low_gdp_first,0.4791601011713744,0.6314239477999207,12,762511
103,low_gdp_first,0.5125660642749663,0.6728290360160021,12,815553
104,low_gdp_first,0.54819357075856,0.7168846960989165,12,871897
105,low_gdp_first,0.5862144805792247,0.7638161368797025,14,932439
106,low_gdp_first,0.6267272001414581,0.8137162020664065,14,996934
107,low_gdp_first,0.6699189519862999,0.8667337131855706,16,1065382
108,low_gdp_first,0.7159188388561122,0.9230511485352911,17,1139069
109,low_gdp_first,0.7649138493968932,0.9828714262967884,18,1216645
110,low_gdp_first,0.8170839558022238,1.0463946154773953,18,1299511
111,low_gdp_first,0.872623618483637,1.1138852105614159,19,1387544
112,low_gdp_first,0.931655771611318,1.185446599271385,19,1481618
113,low_gdp_first,0.9944934508434918,1.2614481726666573,19,1581129
114,low_gdp_first,1.0613535540026289,1.3421397462455587,20,1687253
115,low_gdp_first,1.1323114789019366,1.4274844886936375,23,1800315
116,low_gdp_first,1.2077427990534892,1.5180764802281,23,1920507
117,low_gdp_first,1.287752067637127,1.6139629485201774,24,2047542
118,low_gdp_first,1.3726421044838413,1.7153533012571842,26,2182638
119,low_gdp_first,1.456003694039633,1.8148547780690336,27,2314964
120,low_gdp_first,1.5377626909188171,1.9123199023691615,28,2444411
121,low_gdp_first,1.6180350781954478,2.008021765749245,28,2572212
122,low_gdp_first,1.6968460838690993,2.101823836401774,31,2697333
123,low_gdp_first,1.77406034341463,2.1936613398872864,31,2819957
124,low_gdp_first,1.8498217432265667,2.283675976283704,33,2940575
125,low_gdp_first,1.9241238018692717,2.3718102608160847,37,3058449
126,low_gdp_first,1.9970709412444192,2.458338007996793,39,3174252
127,low_gdp_first,2.0685961671505204,2.5430989703545723,40,3288099
128,low_gdp_first,2.1387657696950106,2.6261988026609084,41,3399428
129,low_gdp_first,2.2075338424313333,2.707525714030137,41,3508154
130,low_gdp_first,2.2750172459252687,2.787237765154422,43,3614882
131,low_gdp_first,2.3411682152199593,2.8653060171383182,43,3720114
132,low_gdp_first,2.411145624759367,2.947656428106008,43,3830643
133,low_gdp_first,2.485324964036791,3.0347314509627004,43,3948522
134,low_gdp_first,2.5638192739409713,3.126572032669369,43,4073224
135,low_gdp_first,2.6468265082950246,3.223583761952273,44,4205375
136,low_gdp_first,2.734634705475322,3.3258115365130227,44,4345233
137,low_gdp_first,2.8206978873080257,3.4260217369022836,45,4481908
138,low_gdp_first,2.9049924017364894,3.523956209315225,46,4615532
139,low_gdp_first,2.9876465208906975,3.6199580103405493,47,4746817
140,low_gdp_first,3.068674059312673,3.7139466427875525,47,4876102
141,low_gdp_first,3.148038481210284,3.805927453039089,47,5002088
142,low_gdp_first,3.225800746789351,3.8959689007610963,47,5125821
143,low_gdp_first,3.301985357903912,3.984176174147488,47,5247234
144,low_gdp_first,3.376631889321423,4.070488302417944,47,5365785
145,low_gdp_first,3.449769620757008,4.154868464681796,48,5482650
146,low_gdp_first,3.521448764735157,4.237575765430157,48,5596470
147,low_gdp_first,3.5916811495250234,4.318495947314706,48,5707881
148,low_gdp_first,3.660506145284687,4.397734259692539,48,5817223
149,low_gdp_first,3.727956836686594,4.475252800675152,50,5923874
150,low_gdp_first,3.7939873320796433,4.551117047994249,51,6028452
151,low_gdp_first,3.863764620273239,4.631039620667417,52,6139269
152,low_gdp_first,3.937431593247911,4.715180208367215,52,6256571
153,low_gdp_first,4.015265895678382,4.803916199424533,54,6380286
154,low_gdp_first,4.097446703353398,4.897407754224755,54,6510543
155,low_gdp_first,4.184172935885017,4.995905836722856,54,6648562
156,low_gdp_first,4.2690952751376265,5.092167290593487,55,6783985
157,low_gdp_first,4.352245339407693,5.186336737067472,55,6916590
158,low_gdp_first,4.433708819442808,5.278560458251351,56,7046410
159,low_gdp_first,4.513473501985244,5.368789881734141,56,7172941
160,low_gdp_first,4.591676312929411,5.457193472231234,56,7297499
161,low_gdp_first,4.668159185640821,5.543523727265603,56,7419039
162,low_gdp_first,4.7430775287084606,5.628054441558068,57,7537904
163,low_gdp_first,4.8164637631295,5.710870278117623,57,7654660
164,low_gdp_first,4.888297374986588,5.791740863399945,57,7768112
165,low_gdp_first,4.958645065234328,5.8709261224101725,58,7879699
166,low_gdp_first,5.027540777792948,5.9483484798454604,58,7988726
167,low_gdp_first,5.094956349357682,6.0240730827629045,58,8095822
168,low_gdp_first,5.16098986308006,6.098206848730119,59,8200522
169,low_gdp_first,5.230646657165011,6.176220676420549,59,8311191
170,low_gdp_first,5.3041488607975245,6.258367238614802,60,8428174
171,low_gdp_first,5.38170070037173,6.344949382302098,60,8551734
172,low_gdp_first,5.46345228391996,6.435922127214217,60,8681272
173,low_gdp_first,5.549677578210255,6.531826222807976,61,8818320
174,low_gdp_first,5.634112059516086,6.625712515711356,61,8952382
175,low_gdp_first,5.716713637499123,6.717514241157379,61,9083016
176,low_gdp_first,5.79764622066303,6.807362112529519,61,9211428
177,low_gdp_first,5.8768354168809624,6.895244291217522,61,9336632
178,low_gdp_first,5.954370314423699,6.981243216974066,61,9458947
179,low_gdp_first,6.030293017751353,7.065348338836965,61,9579612
180,low_gdp_first,6.104609956361216,7.147673928054619,61,9697630
181,low_gdp_first,6.177316038232514,7.228187359954827,62,9813020
182,low_gdp_first,6.248470436641266,7.306848758539138,62,9925924
183,low_gdp_first,6.318173702829086,7.38397358968454,62,10036599
184,low_gdp_first,6.386387010352135,7.459373475812657,62,10144935
185,low_gdp_first,6.453191304745284,7.533197935428124,62,10251054
186,low_gdp_first,6.5236133227670665,7.610906423151183,62,10362673
187,low_gdp_first,6.59782983887269,7.692742081686413,62,10480731
188,low_gdp_first,6.676070491591251,7.778899368790022,62,10604505
189,low_gdp_first,6.75856286209443,7.869614370493453,62,10735707
190,low_gdp_first,6.845502736731895,7.965167121882964,62,10873150
191,low_gdp_first,6.930638086675937,8.058609130993872,62,11008510
192,low_gdp_first,7.013956994348604,8.150045501972379,63,11141103
193,low_gdp_first,7.095478661291711,8.239499579529715,63,11269755
194,low_gdp_first,7.175303719641295,8.327055152653614,63,11395904
195,low_gdp_first,7.253395881943261,8.412760669437171,63,11519799
196,low_gdp_first,7.329828601894472,8.496596521356928,63,11640918
197,low_gdp_first,7.404611855088579,8.578550822369088,63,11759812
198,low_gdp_first,7.477735895149973,8.658757894525856,63,11876044
199,low_gdp_first,7.549384533540329,8.737297954945683,63,11989605
200,low_gdp_first,7.619488598184894,8.81419160467137,64,12100381
201,low_gdp_first,7.688159562201471,8.889485883111986,64,12209627
202,low_gdp_first,7.755280620782574,8.962993255538787,64,12315996
203,low_gdp_first,7.82609639189472,9.040510762556405,64,12428596
204,low_gdp_first,7.9006621391964815,9.12211596254827,64,12546744
205,low_gdp_first,7.9792498739666575,9.208129513873704,64,12671575
206,low_gdp_first,8.062034233870552,9.298712044994094,64,12802698
207,low_gdp_first,8.149229462393789,9.394120445707637,64,12940616
208,low_gdp_first,8.23456845757457,9.487464654504677,64,13075481
209,low_gdp_first,8.318093404801166,9.578838181151173,64,13207702
210,low_gdp_first,8.39983294861149,9.668220893693135,64,13336955
211,low_gdp_first,8.479789734164926,9.755751802427227,64,13463488
212,low_gdp_first,8.558046193831158,9.841383390405829,64,13587833
213,low_gdp_first,8.634627139933142,9.925042670087048,64,13709818
214,low_gdp_first,8.709556453463888,10.007068565277248,64,13829038
215,low_gdp_first,8.782866649129517,10.087271731113214,64,13945095
216,low_gdp_first,8.85455054540068,10.165726126149949,64,14059297
217,low_gdp_first,8.924683853368998,10.242560028786698,64,14170225
218,low_gdp_first,8.993340194409667,10.317717321953396,64,14279004
219,low_gdp_first,9.060545482906134,10.39132405382899,64,14384911
220,low_gdp_first,9.131277574902967,10.468773087149543,64,14497135
221,low_gdp_first,9.205820123341963,10.550400116982859,64,14614714
222,low_gdp_first,9.284265401957402,10.636456206804654,64,14739054
223,low_gdp_first,9.366984158500795,10.72709681996028,64,14869327
224,low_gdp_first,9.454025446310297,10.82254986548128,64,15007287
225,low_gdp_first,9.53919205886424,10.915977225091746,64,15142622
226,low_gdp_first,9.622484627013998,11.007349967730388,64,15274671
227,low_gdp_first,9.703955606974176,11.09676423057306,64,15404376
228,low_gdp_first,9.783656104050555,11.184268656650133,64,15530750
229,low_gdp_first,9.861638135461552,11.269944991192581,64,15654464
230,low_gdp_first,9.93794465278342,11.353724401725016,64,15776140
231,low_gdp_first,10.012575746791521,11.435662363360178,64,15894528
232,low_gdp_first,10.085600997101743,11.515892199706359,64,16010637
233,low_gdp_first,10.15707501022828,11.594447482850766,64,16124371
234,low_gdp_first,10.22698704368758,11.671235242341286,64,16235102
235,low_gdp_first,10.295422431284809,11.746474102551925,64,16343385
236,low_gdp_first,10.362245755844722,11.819949068561044,64,16449110
237,low_gdp_first,10.432613061917637,11.897391916458842,64,16560713
238,low_gdp_first,10.506661882909595,11.97894751654219,64,16678044
239,low_gdp_first,10.584596131440303,12.064838899723421,64,16801742
240,low_gdp_first,10.666760229076248,12.155499473225039,64,16931529
241,low_gdp_first,10.753215978918346,12.250975923121374,64,17067976
242,low_gdp_first,10.837781910027747,12.344335798661131,64,17202159
243,low_gdp_first,10.92049461371772,12.435600162977988,64,17333842
244,low_gdp_first,11.001376850931438,12.524977455878174,64,17462268
245,low_gdp_first,11.080468080625666,12.612448311596811,64,17587489
246,low_gdp_first,11.157865656984077,12.697994679825188,64,17710192
247,low_gdp_first,11.233549270093082,12.78170576846633,64,17829857
248,low_gdp_first,11.307590917839367,12.863704879082487,64,17947105
249,low_gdp_first,11.380027257160501,12.943891373703593,64,18061346
250,low_gdp_first,11.450818102434495,13.022326426706009,64,18173514
251,low_gdp_first,11.520139305577041,13.09906344400938,64,18283115
252,low_gdp_first,11.587838611704864,13.174056591494162,64,18391195
253,low_gdp_first,11.654050383693018,13.247490120244159,64,18496225
254,low_gdp_first,11.72378202429817,13.324886848815428,64,18606218
255,low_gdp_first,11.797135505092795,13.406350758084,64,18722381
256,low_gdp_first,11.87429760920564,13.492068820279131,64,18844419
257,low_gdp_first,11.955488324582033,13.582465277996485,64,18973372
258,low_gdp_first,12.040952221387679,13.677616765982672,64,19108431
259,low_gdp_first,12.124485002487317,13.770676969235645,64,19240580
260,low_gdp_first,12.20616146690551,13.861663264614386,64,19369515
261,low_gdp_first,12.28607255340468,13.950796386678935,64,19496138
262,low_gdp_first,12.364215713148992,14.037996646809077,64,19619107
263,low_gdp_first,12.440628728166075,14.123355594402595,64,19740252
264,low_gdp_first,12.515266100573509,14.206833392193708,64,19858175
265,low_gdp_first,12.588263264817721,14.28843092965559,64,19973911
266,low_gdp_first,12.659715338911699,14.368266971126578,64,20086762
267,low_gdp_first,12.729573353075494,14.446310983872094,64,20197146
268,low_gdp_first,12.797862623310582,14.522743664407493,64,20305068
269,low_gdp_first,12.864642471677097,14.597531787586709,64,20410816
270,low_gdp_first,12.934872415981623,14.676141530795956,64,20521527
271,low_gdp_first,13.008737251425027,14.758984875313681,64,20637911
272,low_gdp_first,13.086448423061853,14.84632156549372,64,20760660
273,low_gdp_first,13.168147892517933,14.938131844703475,64,20890199
274,low_gdp_first,13.254078722292325,15.034764770008504,64,21026128
275,low_gdp_first,13.338097220665802,15.129348182592363,64,21158441
276,low_gdp_first,13.42015675422332,15.221687055163569,64,21287888
277,low_gdp_first,13.50035520174428,15.311995111979675,64,21414922
278,low_gdp_first,13.578832920125835,15.400427490475717,64,21539110
279,low_gdp_first,13.655575336911037,15.487010946332047,64,21660506
280,low_gdp_first,13.730562178485291,15.57159813397934,64,21778978
281,low_gdp_first,13.803833272206944,15.654283629986802,64,21895566
282,low_gdp_first,13.875537286059778,15.73521157602416,64,22008928
283,low_gdp_first,13.945592467359846,15.814332316601558,64,22119809
284,low_gdp_first,14.014053158984524,15.891637700341054,64,22227906
285,low_gdp_first,14.08106336395917,15.967407729894333,64,22334174
286,low_gdp_first,14.151448735764857,16.047099807076886,64,22445605
287,low_gdp_first,14.225462590929212,16.13081104304879,64,22562383
288,low_gdp_first,14.303289420725811,16.219062133787236,64,22685335
289,low_gdp_first,14.38509412359262,16.311755950854433,64,22814721
290,low_gdp_first,14.471071885299349,16.409410346943975,64,22950709
291,low_gdp_first,14.555012996142436,16.504797974711455,64,23083389
292,low_gdp_first,14.637081747170809,16.598121861750066,64,23213379
293,low_gdp_first,14.717374154587159,16.68945743269148,64,23340331
294,low_gdp_first,14.795863203924123,16.778767559699713,64,23465054
295,low_gdp_first,14.87252823356672,16.866046025327535,64,23586145
296,low_gdp_first,14.947428999317305,16.951399364025573,64,23705107
297,low_gdp_first,15.020689568237103,17.03489111222931,64,23820504
298,low_gdp_first,15.092281880288244,17.116468225112172,64,23932992
299,low_gdp_first,15.162270648951589,17.196274239919994,64,24043683
300,low_gdp_first,15.230660368614227,17.274283257118793,64,24151706
301,low_gdp_first,15.29751549992993,17.350492623188973,64,24257346
302,low_gdp_first,15.367746595551967,17.430677105906785,64,24368217
303,low_gdp_first,15.441530174697771,17.514958876885128,64,24484998
304,low_gdp_first,15.51905917287753,17.60350987763784,64,24607637
305,low_gdp_first,15.60051566174161,17.696650092620544,64,24735414
306,low_gdp_first,15.686053734553882,17.794507545820952,64,24870556
307,low_gdp_first,15.769658021379293,17.890245992491455,64,25003026
308,low_gdp_first,15.851325776079998,17.98375861752058,64,25131922
309,low_gdp_first,15.931194787405836,18.075154386686567,64,25258699
310,low_gdp_first,16.009247568810007,18.16467061342864,64,25382016
311,low_gdp_first,16.08552057821995,18.25201814030288,64,25502932
312,low_gdp_first,16.16004273024408,18.337449754406766,64,25620583
313,low_gdp_first,16.232877878025334,18.42093290660722,64,25735944
314,low_gdp_first,16.30406942255233,18.502614229623077,64,25848332
315,low_gdp_first,16.37352059553248,18.58226023657009,64,25957821
316,low_gdp_first,16.44149177496067,18.66024133214191,64,26065152
317,low_gdp_first,16.507877756335695,18.736340413031087,64,26170187
318,low_gdp_first,16.577579318138177,18.816275351724183,64,26280061
319,low_gdp_first,16.650741284582214,18.90027802548164,64,26395930
320,low_gdp_first,16.727582044958524,18.988448486536978,64,26517094
321,low_gdp_first,16.80827316577211,19.081124636128674,64,26644594
322,low_gdp_first,16.89297839311511,19.178382550711124,64,26777884
323,low_gdp_first,16.975794398966542,19.27348217177674,64,26908939
324,low_gdp_first,17.056699141278525,19.366332751995028,64,27037154
325,low_gdp_first,17.13576786830036,19.457100558786774,64,27162157
326,low_gdp_first,17.212950934987926,19.545759604445426,64,27284891
327,low_gdp_first,17.288398433175097,19.63245908060813,64,27403976
328,low_gdp_first,17.362165670301096,19.717220387295413,64,27520324
329,low_gdp_first,17.43421192017268,19.799932207089295,64,27634237
330,low_gdp_first,17.5046507380425,19.88087042626537,64,27745521
331,low_gdp_first,17.57340980360745,19.95987792214113,64,27853589
332,low_gdp_first,17.640548751391034,20.03694692163776,64,27959738
333,low_gdp_first,17.711043663984032,20.1178458337868,64,28071117
334,low_gdp_first,17.785059865257082,20.202768662997563,64,28188169
335,low_gdp_first,17.862818367675157,20.29200342957069,64,28310541
336,low_gdp_first,17.944391238191937,20.385551873433933,64,28439185
337,low_gdp_first,18.029928089025784,20.483606965857255,64,28574540
338,low_gdp_first,18.11355570178168,20.57942293747553,64,28706740
339,low_gdp_first,18.195274629180634,20.67310309430239,64,28835330
340,low_gdp_first,18.275104116328794,20.764592038458364,64,28961414
341,low_gdp_first,18.353057749306462,20.853834542786057,64,29084846
342,low_gdp_first,18.429257808530135,20.941024098848025,64,29205311
343,low_gdp_first,18.503700823897443,21.02626704204442,64,29322672
344,low_gdp_first,18.576437900024214,21.109529733112,64,29437605
345,low_gdp_first,18.64744109848729,21.190660166900898,64,29550532
346,low_gdp_first,18.716848142349345,21.27005662446156,64,29660414
347,low_gdp_first,18.784672106738583,21.347593615833077,64,29767474
348,low_gdp_first,18.85094052258328,21.423335863870477,64,29872723
349,low_gdp_first,18.92066484769957,21.5029501219996,64,29982487
350,low_gdp_first,18.994956027825726,21.586780460813884,64,30098119
351,low_gdp_first,19.084400063386568,21.678026086126128,67,30219940
352,low_gdp_first,19.18018795612062,21.772435894080434,68,30346428
353,low_gdp_first,19.28287479333699,21.87029942478084,70,30479378
354,low_gdp_first,19.38973903340177,21.971864418705565,72,30619120
355,low_gdp_first,19.4943956371201,22.07173695247086,73,30755388
356,low_gdp_first,19.600234727966676,22.16862927027453,75,30888798
357,low_gdp_first,19.707423394802024,22.26390194601136,76,31018751
358,low_gdp_first,19.816560254146108,22.361555654644988,77,31145619
359,low_gdp_first,19.92471344688786,22.451187304033144,77,31270275
360,low_gdp_first,20.028693495617894,22.538695803286085,78,31391930
361,low_gdp_first,20.13092731958353,22.627306016501173,79,31510490
362,low_gdp_first,20.23241825290602,22.711386575866047,80,31625983
363,low_gdp_first,20.336639583027463,22.798467575233516,81,31738992
364,low_gdp_first,20.44428440719759,22.87832771606236,81,31849674
365,low_gdp_first,20.55560795182097,22.956542173082582,82,31957546
366,low_gdp_first,20.66737022620303,23.036981869389294,84,32063155
367,low_gdp_first,20.784969241757896,23.123942801731147,86,32174224
368,low_gdp_first,20.9103210888611,23.211540344931958,86,32290276
369,low_gdp_first,21.04169040227823,23.299651579941628,87,32411877
370,low_gdp_first,21.18200767055823,23.396313836527252,87,32539984
371,low_gdp_first,21.333707229113397,23.498873837723547,89,32674073
372,low_gdp_first,21.488092587473755,23.602215617373314,91,32805108
373,low_gdp_first,21.64978302879884,23.698086526577168,92,32932946
374,low_gdp_first,21.82044225298726,23.804807983677716,93,33057547
375,low_gdp_first,21.993173133277484,23.90055811134713,95,33179540
376,low_gdp_first,22.163126206297335,24.000170950732745,97,33298668
377,low_gdp_first,22.343303053334186,24.102881324211534,99,33414795
378,low_gdp_first,22.526059835859144,24.187931875318306,100,33528372
379,low_gdp_first,22.713876150474864,24.274564120707293,101,33639415
380,low_gdp_first,22.921616288407133,24.367781685457206,102,33748457
381,low_gdp_first,23.134742564277502,24.448268608936615,103,33854652
382,low_gdp_first,23.36078068765835,24.532142029768227,104,33965639
383,low_gdp_first,23.588730378886634,24.625955406549235,105,34081921
384,low_gdp_first,23.826516676976492,24.75103106724198,110,34204118
385,low_gdp_first,24.076330507646805,24.85149344588073,111,34331905
386,low_gdp_first,24.337905448377057,24.97927955331943,115,34466185
387,low_gdp_first,24.605629431162722,25.105682092022192,118,34597683
388,low_gdp_first,24.881229217002247,25.202728567422245,119,34725692
389,low_gdp_first,25.16260958659284,25.334127488316184,123,34850988
390,low_gdp_first,25.447189516357525,25.458222533229378,125,34973438
391,low_gdp_first,25.741197688080447,25.55980889481718,126,35093119
392,low_gdp_first,26.04100869463019,25.651067615501603,127,35210198
393,low_gdp_first,26.34210544891722,25.763867746867803,129,35324248
394,low_gdp_first,26.642138121659123,25.87097436271402,131,35435340
395,low_gdp_first,26.942078098746826,25.96884352388408,132,35544454
396,low_gdp_first,27.237188491198065,26.084056990863953,135,35650757
397,low_gdp_first,27.530376056507755,26.191321788199023,136,35761892
398,low_gdp_first,27.835674699383173,26.285928886970318,137,35879066
399,low_gdp_first,28.154137731267085,26.430405781686613,140,36001038
400,low_gdp_first,28.49728697672986,26.613566943923,144,36129412
401,low_gdp_first,28.858537917824382,26.746002999146715,145,36263240
402,low_gdp_first,29.229650765393437,26.846202093342825,146,36394503
403,low_gdp_first,29.61034063429461,26.951156367955086,146,36522714
404,low_gdp_first,29.996522614128022,27.299958692527632,155,36647673
405,low_gdp_first,30.379006383766278,27.43276045338329,156,36769439
406,low_gdp_first,30.75958339695297,27.613045002559257,159,36888536
407,low_gdp_first,31.131541312927713,27.718305644172567,160,37004105
408,low_gdp_first,31.498529588447262,27.900493606988253,162,37116925
409,low_gdp_first,31.86738665166666,28.02990145018292,164,37227797
410,low_gdp_first,32.2315317548578,28.142085999196055,164,37336597
411,low_gdp_first,32.592902399632855,28.301226605473623,166,37442116
412,low_gdp_first,32.95128790934109,28.495961448351512,169,37552753
413,low_gdp_first,33.30980879525825,28.678293199785422,170,37668129
414,low_gdp_first,33.674426330942005,28.805695532357117,171,37789845
415,low_gdp_first,34.04826808068546,28.953516106294483,172,37916480
416,low_gdp_first,34.4217064976307,29.06253670571288,172,38049525
417,low_gdp_first,34.79900351100438,29.17532995791592,173,38188673
418,low_gdp_first,35.17366885089254,29.285663549706257,173,38324083
419,low_gdp_first,35.54768363534645,29.53336264759503,175,38456808
420,low_gdp_first,35.92370509713381,29.771980155550782,177,38586282
421,low_gdp_first,36.30315207876585,30.002404015085578,179,38712158
422,low_gdp_first,36.688758043254964,30.26358617415826,180,38835815
423,low_gdp_first,37.08338542744707,30.725142314568714,184,38956098
424,low_gdp_first,37.48579985359211,31.082560136995905,186,39073272
425,low_gdp_first,37.88842035803932,31.343115122507832,187,39187788
426,low_gdp_first,38.30208862965815,31.74804752389221,189,39299011
427,low_gdp_first,38.72810631216996,31.898475088090564,189,39407973
428,low_gdp_first,39.166740819977555,32.184904636444436,191,39514569
429,low_gdp_first,39.62351009875234,32.51927063265868,192,39625717
430,low_gdp_first,40.09733037895812,32.698561631439716,193,39741371
431,low_gdp_first,40.588764310812905,32.865768083612444,193,39862815
432,low_gdp_first,41.08887843662546,33.01936240347837,193,39989329
433,low_gdp_first,41.60880408396671,33.179161661207885,194,40121838
434,low_gdp_first,42.14354956457,33.55042228635671,195,40260433
435,low_gdp_first,42.686316529970824,33.8403042674647,196,40395169
436,low_gdp_first,43.224788381892004,33.98334917703789,196,40526621
437,low_gdp_first,43.77154310673799,34.125532472719996,196,40654735
438,low_gdp_first,44.32262149171573,34.26665293803885,197,40779556
439,low_gdp_first,44.87510552185446,34.6273810080742,198,40901440
440,low_gdp_first,45.44457829236526,35.00472993332175,199,41020411
441,low_gdp_first,46.02689163541867,35.93450473747083,203,41136455
442,low_gdp_first,46.61849242959862,36.09688971274907,203,41248782
443,low_gdp_first,47.22426123071746,36.26013650775329,204,41357961
444,low_gdp_first,47.84169856031984,36.434713102138,204,41464364
445,low_gdp_first,48.46995894623935,36.688556648113405,205,41567758
446,low_gdp_first,49.121278289191295,37.467218641117114,207,41675710
447,low_gdp_first,49.786742060631866,38.09270070727578,209,41788139
448,low_gdp_first,50.46659534223429,38.65218886533039,210,41905192
449,low_gdp_first,51.17192642541554,39.85570133274962,214,42026579
450,low_gdp_first,51.92324020620512,41.529309798400625,217,42153603
451,low_gdp_first,52.72332597435791,42.68538565523326,219,42285214
452,low_gdp_first,53.559550307776604,43.05463066273308,219,42422854
453,low_gdp_first,54.407522227181765,43.406899279551794,220,42556857
454,low_gdp_first,55.256255658555595,43.75794654632494,220,42686846
455,low_gdp_first,56.12048034463557,44.46841504783875,221,42813702
456,low_gdp_first,57.007396634726504,46.43103209983082,223,42936990
457,low_gdp_first,57.92171908697128,47.514954859477655,224,43056833
458,low_gdp_first,58.8325626527169,49.23135057208925,225,43173073
459,low_gdp_first,59.72628828810312,50.86460830724227,226,43286525
460,low_gdp_first,60.62202132828181,51.5905823288223,227,43396778
461,low_gdp_first,61.523163039887756,53.268892675689855,228,43503647
462,low_gdp_first,62.43647468990071,56.43414964150835,229,43607559
463,low_gdp_first,63.35792454684043,57.5712896897062,230,43715506
464,low_gdp_first,64.29232365558181,57.79859132495367,230,43826667
465,low_gdp_first,65.25317449945581,58.03240576041742,230,43941711
466,low_gdp_first,66.24030182949247,58.2728502706892,230,44060887
467,low_gdp_first,67.23855057462208,58.517144616233416,230,44182658
468,low_gdp_first,68.2658599301773,58.76869293804584,230,44307724
469,low_gdp_first,69.29697058719425,59.022999235397506,230,44435607
470,low_gdp_first,70.32522671328982,59.27878018179023,230,44566075
471,low_gdp_first,71.321537500922,59.53073599320895,230,44698463
472,low_gdp_first,72.2911165860896,59.77993633639623,230,44832649
473,low_gdp_first,73.24145863138202,60.023543857288445,231,44962268
474,low_gdp_first,74.17292034513399,60.26157949556812,231,45086162
475,low_gdp_first,75.07977729869252,60.49319275762445,231,45205646
476,low_gdp_first,75.97138295534968,60.720080737047475,231,45320134
477,low_gdp_first,76.85700138312237,60.944038975352036,231,45429483
478,low_gdp_first,77.76374548737758,61.4334069079733,231,45534492
479,low_gdp_first,78.67961612709426,64.9597515407321,232,45640240
480,low_gdp_first,79.60580287407394,67.93614432812534,233,45746377
481,low_gdp_first,80.5532724516164,68.81025399290294,233,45852387
482,low_gdp_first,81.52082321890042,69.70379731413972,233,45958503
483,low_gdp_first,82.52463272279078,70.63152400132506,233,46065033
484,low_gdp_first,83.57086207336674,71.59907254114964,233,46170565
485,low_gdp_first,84.63727568822256,72.58621337163352,233,46275951
486,low_gdp_first,85.75019768272759,73.61680362542825,233,46380283
487,low_gdp_first,86.85820865666119,74.64425740070706,233,46482125
488,low_gdp_first,87.95712990572204,75.6645560698487,233,46581025
489,low_gdp_first,89.0373179721717,76.6691103856515,234,46676743
490,low_gdp_first,90.09578375471169,77.65508556114544,234,46768974
491,low_gdp_first,91.12784939770786,78.61830376670605,234,46857353
492,low_gdp_first,92.15563575472304,79.57876587289896,234,46941114
493,low_gdp_first,93.1781225451273,80.53561614768978,234,47020498
494,low_gdp_first,94.24007499093959,86.22157143467305,234,47095334
495,low_gdp_first,95.31516411860326,92.22558193646475,235,47165561
496,low_gdp_first,95.97241651984841,95.83599567085194,235,47230988
497,low_gdp_first,96.01156532229453,95.89771959432896,235,47291889
498,low_gdp_first,96.04788717234231,95.9549325753644,235,47348167
499,low_gdp_first,96.08172898508654,96.0082356593077,235,47400442
500,low_gdp_first,96.11306802028544,96.05762989069206,235,47449198
501,low_gdp_first,96.1421456192773,96.10345579063932,235,47493828
502,low_gdp_first,96.16914265838216,96.14601722399856,235,47535700
503,low_gdp_first,96.19421284627646,96.18549859592686,235,47574630
504,low_gdp_first,96.21751096862835,96.22218377707884,235,47610618
505,low_gdp_first,96.23918039374406,96.25635304390785,235,47644038
506,low_gdp_first,96.2592862673093,96.28802531974803,235,47675098
507,low_gdp_first,96.27795192518258,96.31746272811591,235,47704340
508,low_gdp_first,96.29525989969864,96.34471875763317,235,47731221
509,low_gdp_first,96.31133509026057,96.3700368305621,235,47756220
510,low_gdp_first,96.32629851199967,96.39362660149136,235,47779367
511,low_gdp_first,96.34019403150725,96.41551060678461,235,47800964
512,low_gdp_first,96.35306977201274,96.43577569732962,235,47820862
513,low_gdp_first,96.36502459946665,96.45458749216102,235,47839546
514,low_gdp_first,96.37611564020472,96.47202251059616,235,47856616
515,low_gdp_first,96.38643722049942,96.4882704418305,235,47872643
516,low_gdp_first,96.39601138797768,96.50336109514177,235,47887552
517,low_gdp_first,96.40490016702077,96.51735404304819,235,47901437
518,low_gdp_first,96.4131467894419,96.53036429289143,235,47914307
519,low_gdp_first,96.42080253158822,96.542386011169,235,47926279
520,low_gdp_first,96.42792076589168,96.55360356926603,235,47937406
521,low_gdp_first,96.43453392443556,96.56402572654088,235,47947749
522,low_gdp_first,96.44067719865934,96.57368813837755,235,47957321
523,low_gdp_first,96.44637768608793,96.5826718778197,235,47966193
524,low_gdp_first,96.45168802457947,96.59104898716652,235,47974365
525,low_gdp_first,96.4566048686056,96.59880935411499,235,47982090
526,low_gdp_first,96.46116702696104,96.60598291284126,235,47989238
527,low_gdp_first,96.46540632596776,96.61268015774421,235,47995903
528,low_gdp_first,96.46934479466452,96.6188776509498,235,48002066
529,low_gdp_first,96.47299925114064,96.6246240482204,235,48007756
530,low_gdp_first,96.47640128544313,96.62997704200122,235,48013106
531,low_gdp_first,96.47954165685245,96.6349113024999,235,48017911
532,low_gdp_first,96.48245514801847,96.63949842994661,235,48022466
533,low_gdp_first,96.48517903269814,96.64379022621036,235,48026698
534,low_gdp_first,96.48770523377101,96.64777230176617,235,48030569
535,low_gdp_first,96.49004970991791,96.65145958526307,235,48034212
536,low_gdp_first,96.49222799042151,96.6549297752625,235,48037597
537,low_gdp_first,96.49425334900867,96.65812647455562,235,48040772
538,low_gdp_first,96.49613596995601,96.6610890734278,235,48043652
539,low_gdp_first,96.49788067102355,96.66385768605669,235,48046287
540,low_gdp_first,96.49949944951386,96.66641947624551,235,48048722
541,low_gdp_first,96.50100480450628,96.6687837436543,235,48051063
542,low_gdp_first,96.5023996008444,96.67098114132489,235,48053283
543,low_gdp_first,96.5037013984617,96.6730335477917,235,48055258
544,low_gdp_first,96.50490838717052,96.67492692721235,235,48057080
545,low_gdp_first,96.50603189730398,96.67668721997433,235,48058785
546,low_gdp_first,96.50706437882724,96.6783224823076,235,48060398
547,low_gdp_first,96.50802941970362,96.67984570957415,235,48061853
548,low_gdp_first,96.50892516247077,96.68125556193067,235,48063204
549,low_gdp_first,96.50975596896988,96.68255342242101,235,48064511
550,low_gdp_first,96.51052817536589,96.68377617270073,235,48065721
551,low_gdp_first,96.51123935732306,96.68489335646255,235,48066857
552,low_gdp_first,96.51190436021612,96.68592967211586,235,48067918
553,low_gdp_first,96.51251931454638,96.68689776932239,235,48068811
554,low_gdp_first,96.51308939022093,96.68778960150605,235,48069751
555,low_gdp_first,96.51362143058783,96.68863108679442,235,48070562
556,low_gdp_first,96.51411310681542,96.68940865986791,235,48071313
557,low_gdp_first,96.5145707966672,96.69013522122444,235,48072002
558,low_gdp_first,96.5149941834293,96.69079808602397,235,48072673
559,low_gdp_first,96.51539145690461,96.69141859688615,235,48073342
560,low_gdp_first,96.51575653583674,96.69199489017001,235,48073897
561,low_gdp_first,96.51609500161634,96.69252508326842,235,48074442
562,low_gdp_first,96.51641023657577,96.69302240942508,235,48074919
563,low_gdp_first,96.51670272538699,96.69348316205422,235,48075341
564,low_gdp_first,96.5169728287734,96.69391500300468,235,48075767
565,low_gdp_first,96.51722905830908,96.6943209674608,235,48076129
566,low_gdp_first,96.51746582696587,96.69469298220564,235,48076479
567,low_gdp_first,96.51768479784032,96.69503498998216,235,48076793
568,low_gdp_first,96.51788720207017,96.69535198937646,235,48077089
569,low_gdp_first,96.51807642654627,96.69565327652971,235,48077385
570,low_gdp_first,96.51825220345611,96.69592683998596,235,48077645
571,low_gdp_first,96.51841551597859,96.69618377436781,235,48077893
572,low_gdp_first,96.51856514138164,96.69641963982299,235,48078121
573,low_gdp_first,96.5187048293504,96.69663626455102,235,48078344
574,low_gdp_first,96.5188339557729,96.69683917960441,235,48078572
575,low_gdp_first,96.51895356380153,96.69702797650834,235,48078753
576,low_gdp_first,96.51906621360283,96.69720646370143,235,48078935
577,low_gdp_first,96.5191713332719,96.69737228168277,235,48079098
578,low_gdp_first,96.51926554600104,96.69752251747099,235,48079259
579,low_gdp_first,96.51935208615095,96.69765829155969,235,48079402
580,low_gdp_first,96.5194346002614,96.6977894751964,235,48079513
581,low_gdp_first,96.51951288424672,96.69791215436065,235,48079644
582,low_gdp_first,96.51958679353635,96.69802789098054,235,48079772
583,low_gdp_first,96.51965308412518,96.69813423484688,235,48079877
584,low_gdp_first,96.51971598062856,96.69823293008518,235,48079980
585,low_gdp_first,96.51977218830488,96.6983221485058,235,48080059
586,low_gdp_first,96.5198267481623,96.69840576221118,235,48080128
587,low_gdp_first,96.51987612759225,96.69848260190804,235,48080206
588,low_gdp_first,96.51992151554211,96.69855312106965,235,48080290
589,low_gdp_first,96.51996498189476,96.69862184088907,235,48080370
590,low_gdp_first,96.5200066108406,96.69868421265643,235,48080431
591,low_gdp_first,96.5200436144324,96.69874326201416,235,48080501
592,low_gdp_first,96.5200780056462,96.69879754834817,235,48080553
593,low_gdp_first,96.52010967222799,96.69884707137139,235,48080607
594,low_gdp_first,96.52013831952385,96.69889277471408,235,48080658
595,low_gdp_first,96.52016617187158,96.6989368561718,235,48080697
596,low_gdp_first,96.52019190674484,96.6989771173386,235,48080737
597,low_gdp_first,96.52021587312751,96.69901463778956,235,48080777
598,low_gdp_first,96.52023817653505,96.69904961679788,235,48080812
599,low_gdp_first,96.52025890642986,96.69908194055084,235,48080844
600,low_gdp_first,96.52027788164101,96.69911240286967,235,48080874
601,low_gdp_first,96.52029486004761,96.69913832093934,235,48080895
602,low_gdp_first,96.52031162787259,96.69916385374927,235,48080925
603,low_gdp_first,96.52032719743517,96.69918906772806,235,48080950
604,low_gdp_first,96.52034021377175,96.69920890307115,235,48080969
605,low_gdp_first,96.52035331867253,96.69922968825176,235,48080992
606,low_gdp_first,96.52036568867625,96.6992494401293,235,48081013
607,low_gdp_first,96.52037661649983,96.69926650805823,235,48081026
608,low_gdp_first,96.52038693671653,96.6992819323755,235,48081041
609,low_gdp_first,96.52039701121893,96.69929768103071,235,48081057
610,low_gdp_first,96.5204066343663,96.69931254284056,235,48081072
611,low_gdp_first,96.52041517587851,96.69932693259447,235,48081081
612,low_gdp_first,96.52042321440088,96.69933960904956,235,48081089
613,low_gdp_first,96.52043022067699,96.69935043746511,235,48081096
614,low_gdp_first,96.52043623208542,96.69935829676582,235,48081105
615,low_gdp_first,96.52044238638783,96.69936825374305,235,48081112
616,low_gdp_first,96.52044820371673,96.69937710699035,235,48081122
617,low_gdp_first,96.52045358035342,96.69938624087874,235,48081136
618,low_gdp_first,96.52045889514164,96.69939430412336,235,48081144
619,low_gdp_first,96.52046341980464,96.69940151220823,235,48081158
620,low_gdp_first,96.52046792359104,96.69940854769871,235,48081161
621,low_gdp_first,96.52047198758355,96.6994141253208,235,48081166
622,low_gdp_first,96.5204760746985,96.69942077890961,235,48081177
623,low_gdp_first,96.52047935126073,96.69942628512996,235,48081182
624,low_gdp_first,96.52048254947252,96.69943187678453,235,48081189
625,low_gdp_first,96.52048559367829,96.69943637628094,235,48081194
626,low_gdp_first,96.52048841888545,96.6994409624888,235,48081198
627,low_gdp_first,96.52049120536654,96.69944492741163,235,48081202
628,low_gdp_first,96.52049357787112,96.69944840788959,235,48081208
629,low_gdp_first,96.52049587427103,96.69945240904052,235,48081211
630,low_gdp_first,96.52049815910972,96.69945623207809,235,48081211
631,low_gdp_first,96.52050000325622,96.69945873434487,235,48081215
632,low_gdp_first,96.52050175794018,96.69946123438594,235,48081217
633,low_gdp_first,96.52050338263888,96.69946402860585,235,48081221
634,low_gdp_first,96.52050507143191,96.6994669367566,235,48081226
635,low_gdp_first,96.52050650250023,96.69946911797716,235,48081230
636,low_gdp_first,96.52050772792776,96.69947105951063,235,48081232
637,low_gdp_first,96.52050886299445,96.69947311627243,235,48081234
638,low_gdp_first,96.52051016452668,96.69947517959135,235,48081239
639,low_gdp_first,96.52051123594822,96.69947713020117,235,48081239
640,low_gdp_first,96.52051211329021,96.69947854067811,235,48081240
641,low_gdp_first,96.52051301644957,96.69948020870459,235,48081241
642,low_gdp_first,96.52051388088286,96.69948144719261,235,48081242
643,low_gdp_first,96.52051469413054,96.69948282686346,235,48081242
644,low_gdp_first,96.52051546820297,96.69948421693323,235,48081243
645,low_gdp_first,96.52051606200286,96.69948500111813,235,48081243
646,low_gdp_first,96.52051668162014,96.69948611605413,235,48081243
647,low_gdp_first,96.5205171067087,96.69948677400056,235,48081245
648,low_gdp_first,96.52051746770296,96.69948730504883,235,48081246
649,low_gdp_first,96.52051798405068,96.69948820015371,235,48081246
650,low_gdp_first,96.52051853822618,96.6994893650466,235,48081248
651,low_gdp_first,96.52051892548698,96.69948993962649,235,48081248
652,low_gdp_first,96.52051927357255,96.69949038791398,235,48081249
653,low_gdp_first,96.52051964792464,96.6994908336699,235,48081249
654,low_gdp_first,96.5205199190072,96.69949119600848,235,48081249
655,low_gdp_first,96.52052033208538,96.69949171650667,235,48081249
656,low_gdp_first,96.52052053862448,96.69949212387083,235,48081249
657,low_gdp_first,96.52052084843312,96.69949257396388,235,48081249
658,low_gdp_first,96.52052108078959,96.69949303449138,235,48081249
659,low_gdp_first,96.5205213385143,96.69949365089289,235,48081250
660,low_gdp_first,96.52052155751294,96.69949426790853,235,48081251
661,low_gdp_first,96.52052175114333,96.6994944864307,235,48081251
662,low_gdp_first,96.52052191895635,96.69949488026452,235,48081251
663,low_gdp_first,96.52052212549543,96.69949513630868,235,48081251
664,low_gdp_first,96.52052230576798,96.69949545142183,235,48081252
665,low_gdp_first,96.52052249939838,96.69949578737918,235,48081252
666,low_gdp_first,96.52052270593748,96.69949614440095,235,48081252
667,low_gdp_first,96.52052279629832,96.69949627051311,235,48081252
668,low_gdp_first,96.52052297702004,96.6994964347367,235,48081252
669,low_gdp_first,96.52052306693173,96.69949651641804,235,48081253
670,low_gdp_first,96.5205231314752,96.69949657506932,235,48081253
671,low_gdp_first,96.52052323474474,96.69949672224588,235,48081253
672,low_gdp_first,96.52052333801429,96.69949695807375,235,48081253
673,low_gdp_first,96.52052336383167,96.69949704420293,235,48081253
674,low_gdp_first,96.52052340255776,96.69949707939371,235,48081253
675,low_gdp_first,96.52052344128384,96.69949717725314,235,48081253
676,low_gdp_first,96.5205235058273,96.69949728923893,235,48081253
677,low_gdp_first,96.52052353164468,96.6994973753681,235,48081253
678,low_gdp_first,96.52052355746207,96.69949739882861,235,48081253
679,low_gdp_first,96.52052362200554,96.69949749279672,235,48081253
680,low_gdp_first,96.5205236994577,96.69949767918142,235,48081253
681,low_gdp_first,96.52052375109247,96.69949771676829,235,48081253
682,low_gdp_first,96.52052381563594,96.69949779325187,235,48081253
683,low_gdp_first,96.52052385436203,96.69949782844265,235,48081253
684,low_gdp_first,96.5205238930881,96.69949785429927,235,48081253
685,low_gdp_first,96.52052394472287,96.6994980265576,235,48081253
686,low_gdp_first,96.52052400881719,96.69949813811292,235,48081254
687,low_gdp_first,96.52052402172588,96.69949814050902,235,48081254
688,low_gdp_first,96.52052403463458,96.69949821490793,235,48081254
689,low_gdp_first,96.52052404754326,96.6994982266382,235,48081254
690,low_gdp_first,96.52052409917803,96.69949826409538,235,48081254
691,low_gdp_first,96.52052413790412,96.69949836195482,235,48081254
692,low_gdp_first,96.52052418953889,96.69949845504776,235,48081254
693,low_gdp_first,96.52052420244759,96.69949846677801,235,48081254
694,low_gdp_first,96.52052424117366,96.69949849263463,235,48081254
695,low_gdp_first,96.52052424117366,96.69949849263463,235,48081254
696,low_gdp_first,96.52052425408236,96.69949850436488,235,48081254
697,low_gdp_first,96.52052425408236,96.69949850436488,235,48081254
698,low_gdp_first,96.52052425408236,96.69949850436488,235,48081254
699,low_gdp_first,96.52052425408236,96.69949850436488,235,48081254
700,low_gdp_first,96.52052426699105,96.69949851609515,235,48081254
701,low_gdp_first,96.52052427989975,96.69949852639334,235,48081254
702,low_gdp_first,96.52052427989975,96.69949852639334,235,48081254
703,low_gdp_first,96.52052427989975,96.69949852639334,235,48081254
704,low_gdp_first,96.52052429280843,96.6994985381236,235,48081254
705,low_gdp_first,96.52052430571713,96.69949854985386,235,48081254
706,low_gdp_first,96.52052430571713,96.69949854985386,235,48081254
707,low_gdp_first,96.52052430571713,96.69949854985386,235,48081254
708,low_gdp_first,96.52052433153452,96.69949857331437,235,48081254
709,low_gdp_first,96.52052433153452,96.69949857331437,235,48081254
710,low_gdp_first,96.5205243444432,96.69949858504462,235,48081254
711,low_gdp_first,96.5205243573519,96.69949859677489,235,48081254
712,low_gdp_first,96.52052437026059,96.69949859917098,235,48081254
713,low_gdp_first,96.52052438316929,96.69949861090124,235,48081254
714,low_gdp_first,96.52052438316929,96.69949861090124,235,48081254
715,low_gdp_first,96.52052439607799,96.6994986226315,235,48081254
716,low_gdp_first,96.52052439607799,96.6994986226315,235,48081254
717,low_gdp_first,96.52052439607799,96.6994986226315,235,48081254
718,low_gdp_first,96.52052440898667,96.69949863436175,235,48081254
719,low_gdp_first,96.52052443480406,96.69949864848812,235,48081254
720,low_gdp_first,96.52052443480406,96.69949864848812,235,48081254
721,low_gdp_first,96.52052443480406,96.69949864848812,235,48081254
722,low_gdp_first,96.52052443480406,96.69949864848812,235,48081254
723,low_gdp_first,96.52052443480406,96.69949864848812,235,48081254
724,low_gdp_first,96.52052443480406,96.69949864848812,235,48081254
725,low_gdp_first,96.52052443480406,96.69949864848812,235,48081254
726,low_gdp_first,96.52052443480406,96.69949864848812,235,48081254
727,low_gdp_first,96.52052443480406,96.69949864848812,235,48081254
728,low_gdp_first,96.52052443480406,96.69949864848812,235,48081254
729,low_gdp_first,96.52052443480406,96.69949864848812,235,48081254
730,low_gdp_first,96.52052443480406,96.69949864848812,235,48081254
731,low_gdp_first,96.52052443480406,96.69949864848812,235,48081254
732,low_gdp_first,96.52052443480406,96.69949864848812,235,48081254
733,low_gdp_first,96.52052443480406,96.69949864848812,235,48081254
734,low_gdp_first,96.52052444771276,96.69949866021837,235,48081254
735,low_gdp_first,96.52052444771276,96.69949866021837,235,48081254
736,low_gdp_first,96.52052444771276,96.69949866021837,235,48081254
737,low_gdp_first,96.52052444771276,96.69949866021837,235,48081254
738,low_gdp_first,96.52052444771276,96.69949866021837,235,48081254
739,low_gdp_first,96.52052444771276,96.69949866021837,235,48081254
740,low_gdp_first,96.52052444771276,96.69949866021837,235,48081254
741,low_gdp_first,96.52052444771276,96.69949866021837,235,48081254
742,low_gdp_first,96.52052444771276,96.69949866021837,235,48081254
743,low_gdp_first,96.52052444771276,96.69949866021837,235,48081254
744,low_gdp_first,96.52052444771276,96.69949866021837,235,48081254
745,low_gdp_first,96.52052444771276,96.69949866021837,235,48081254
746,low_gdp_first,96.52052444771276,96.69949866021837,235,48081254
747,low_gdp_first,96.52052444771276,96.69949866021837,235,48081254
748,low_gdp_first,96.52052444771276,96.69949866021837,235,48081254
749,low_gdp_first,96.52052444771276,96.69949866021837,235,48081254
750,low_gdp_first,96.52052444771276,96.69949866021837,235,48081254
751,low_gdp_first,96.52052444771276,96.69949866021837,235,48081254
752,low_gdp_first,96.52052444771276,96.69949866021837,235,48081254
753,low_gdp_first,96.52052444771276,96.69949866021837,235,48081254
754,low_gdp_first,96.52052444771276,96.69949866021837,235,48081254
755,low_gdp_first,96.52052444771276,96.69949866021837,235,48081254
756,low_gdp_first,96.52052444771276,96.69949866021837,235,48081254
757,low_gdp_first,96.52052444771276,96.69949866021837,235,48081254
758,low_gdp_first,96.52052444771276,96.69949866021837,235,48081254
759,low_gdp_first,96.52052444771276,96.69949866021837,235,48081254
760,low_gdp_first,96.52052444771276,96.69949866021837,235,48081254
761,low_gdp_first,96.52052444771276,96.69949866021837,235,48081254
762,low_gdp_first,96.52052444771276,96.69949866021837,235,48081254
763,low_gdp_first,96.52052444771276,96.69949866021837,235,48081254
764,low_gdp_first,96.52052444771276,96.69949866021837,235,48081254
765,low_gdp_first,96.52052444771276,96.69949866021837,235,48081254
766,low_gdp_first,96.52052444771276,96.69949866021837,235,48081254
767,low_gdp_first,96.52052444771276,96.69949866021837,235,48081254
768,low_gdp_first,96.52052444771276,96.69949866021837,235,48081254
769,low_gdp_first,96.52052444771276,96.69949866021837,235,48081254
770,low_gdp_first,96.52052444771276,96.69949866021837,235,48081254
771,low_gdp_first,96.52052444771276,96.69949866021837,235,48081254
772,low_gdp_first,96.52052444771276,96.69949866021837,235,48081254
773,low_gdp_first,96.52052444771276,96.69949866021837,235,48081254
774,low_gdp_first,96.52052444771276,96.69949866021837,235,48081254
775,low_gdp_first,96.52052444771276,96.69949866021837,235,48081254
776,low_gdp_first,96.52052444771276,96.69949866021837,235,48081254
777,low_gdp_first,96.52052444771276,96.69949866021837,235,48081254
778,low_gdp_first,96.52052444771276,96.69949866021837,235,48081254
779,low_gdp_first,96.52052444771276,96.69949866021837,235,48081254
780,low_gdp_first,96.52052444771276,96.69949866021837,235,48081254
781,low_gdp_first,96.52052444771276,96.69949866021837,235,48081254
782,low_gdp_first,96.52052444771276,96.69949866021837,235,48081254
783,low_gdp_first,96.52052444771276,96.69949866021837,235,48081254
784,low_gdp_first,96.52052444771276,96.69949866021837,235,48081254
785,low_gdp_first,96.52052444771276,96.69949866021837,235,48081254
786,low_gdp_first,96.52052444771276,96.69949866021837,235,48081254
787,low_gdp_first,96.52052444771276,96.69949866021837,235,48081254
788,low_gdp_first,96.52052444771276,96.69949866021837,235,48081254
789,low_gdp_first,96.52052444771276,96.69949866021837,235,48081254
790,low_gdp_first,96.52052444771276,96.69949866021837,235,48081254
791,low_gdp_first,96.52052444771276,96.69949866021837,235,48081254
792,low_gdp_first,96.52052444771276,96.69949866021837,235,48081254
793,low_gdp_first,96.52052444771276,96.69949866021837,235,48081254
794,low_gdp_first,96.52052444771276,96.69949866021837,235,48081254
795,low_gdp_first,96.52052444771276,96.69949866021837,235,48081254
796,low_gdp_first,96.52052444771276,96.69949866021837,235,48081254
797,low_gdp_first,96.52052444771276,96.69949866021837,235,48081254
798,low_gdp_first,96.52052444771276,96.69949866021837,235,48081254
799,low_gdp_first,96.52052444771276,96.69949866021837,235,48081254
0,high_gni_first,2.1424542965709598e-05,3.3393213389629436e-05,0,49
1,high_gni_first,4.3875411545587217e-05,7.049917556010271e-05,0,85
2,high_gni_first,6.939242764384377e-05,0.00011273005783429942,0,134
3,high_gni_first,9.644893219430094e-05,0.0001566212774514854,0,182
4,high_gni_first,0.0001241340614708442,0.00020322555355702226,0,234
5,high_gni_first,0.00015446197895347053,0.00025480340079105687,0,277
6,high_gni_first,0.00018676557361599406,0.0003073737442843243,0,335
7,high_gni_first,0.00022293071794735468,0.00036355860002827467,0,381
8,high_gni_first,0.0002618926005283644,0.00042787095112370183,0,455
9,high_gni_first,0.0003050752469334566,0.000496740223896882,0,518
10,high_gni_first,0.0003497845537289173,0.0005671483492046628,0,593
11,high_gni_first,0.00039835541171665326,0.0006462369107687845,0,681
12,high_gni_first,0.00044969734839895117,0.0007287299852552925,0,747
13,high_gni_first,0.0005053498542037575,0.0008196189003476845,0,830
14,high_gni_first,0.0005662879381575546,0.0009149483324160865,0,920
15,high_gni_first,0.00063161356681438,0.0010207594882183867,0,1030
16,high_gni_first,0.0007016859535477826,0.00113624632266709,0,1146
17,high_gni_first,0.0007776982026080712,0.0012578855687747248,0,1272
18,high_gni_first,0.0008580595111215096,0.0013877100547531362,0,1419
19,high_gni_first,0.000947388340263634,0.0015291646628129885,0,1546
20,high_gni_first,0.0010426698654917052,0.0016846150914188935,0,1707
21,high_gni_first,0.0011432241440079971,0.0018481756626622995,0,1877
22,high_gni_first,0.001252964040412104,0.0020252288695384816,0,2039
23,high_gni_first,0.0013724027248284303,0.002217945171484186,0,2233
24,high_gni_first,0.0014984355620077713,0.0024231261403456026,0,2448
25,high_gni_first,0.0016347444883645997,0.0026428225241894882,0,2642
26,high_gni_first,0.0017812140583676743,0.002881892277051632,0,2887
27,high_gni_first,0.0019394094155164884,0.0031403948161015213,0,3154
28,high_gni_first,0.0021092022664819317,0.003410191222162299,0,3424
29,high_gni_first,0.0022940179762121816,0.00370236030611838,0,3700
30,high_gni_first,0.0024900719788099154,0.0040141908233717995,0,4010
31,high_gni_first,0.0027006228593516586,0.004353892383570267,0,4343
32,high_gni_first,0.0029302762573353586,0.0047220069872965465,0,4693
33,high_gni_first,0.0031778519214238645,0.005114483055629112,0,5108
34,high_gni_first,0.0034432600147290653,0.005537808385984716,0,5492
35,high_gni_first,0.0037241656867167397,0.005985954572199435,0,5933
36,high_gni_first,0.00403474505424027,0.006483806375957343,0,6386
37,high_gni_first,0.00436499145585271,0.007011371774658113,0,6875
38,high_gni_first,0.0047227049997029084,0.007582039762514417,0,7432
39,high_gni_first,0.005104870853949115,0.008186409314524235,0,8037
40,high_gni_first,0.005519019698152151,0.008839855774996913,0,8684
41,high_gni_first,0.005963830187382697,0.009550117189446462,0,9420
42,high_gni_first,0.00643958452263328,0.010296870213498304,0,10169
43,high_gni_first,0.0069535312118799,0.011095982344925833,0,11002
44,high_gni_first,0.007506478485658476,0.011959162082514909,0,11887
45,high_gni_first,0.008099311577515792,0.012888534041476801,0,12826
46,high_gni_first,0.008729374926090648,0.013876951083991812,0,13849
47,high_gni_first,0.009417272127111114,0.014955058053468638,1,14988
48,high_gni_first,0.010153060570029267,0.016088385366439303,1,16152
49,high_gni_first,0.010945284565294445,0.017320947354682318,1,17415
50,high_gni_first,0.011796150720981526,0.018629454103170084,1,18741
51,high_gni_first,0.012710470121076733,0.02003363287270644,1,20204
52,high_gni_first,0.01369402877341752,0.021546376080776742,1,21803
53,high_gni_first,0.014747365615372994,0.023143742798095824,1,23549
54,high_gni_first,0.0158877485818607,0.024883741343918554,1,25367
55,high_gni_first,0.017108814492701584,0.026733485963958227,1,27242
56,high_gni_first,0.018418633305774677,0.028718722040006518,1,29326
57,high_gni_first,0.01982848184876061,0.03083947673842027,1,31562
58,high_gni_first,0.021345916682265268,0.033097310099470645,1,33964
59,high_gni_first,0.022974414755248418,0.03552935533119224,1,36552
60,high_gni_first,0.024714951442137503,0.038106157463990285,1,39368
61,high_gni_first,0.026596867162126753,0.04087919178200418,2,42385
62,high_gni_first,0.02860942375177749,0.04385297526146528,3,45472
63,high_gni_first,0.0307667089653044,0.0470123574659987,3,48918
64,high_gni_first,0.033089107910532094,0.050385313409637124,3,52509
65,high_gni_first,0.03556794945058079,0.05397434041632936,3,56468
66,high_gni_first,0.03824700676491416,0.0578330728809318,3,60687
67,high_gni_first,0.04110063588065611,0.06190827677192067,3,65347
68,high_gni_first,0.044177215023711136,0.06627741752459121,3,70197
69,high_gni_first,0.0474849054193396,0.07096475397139664,3,75437
70,high_gni_first,0.051016972634155076,0.07593709532620056,3,81057
71,high_gni_first,0.05480546565046553,0.0812480230688869,3,87144
72,high_gni_first,0.05888955220810775,0.08693265812540979,3,93545
73,high_gni_first,0.06325381447111399,0.09297201882904413,3,100467
74,high_gni_first,0.06793356132902904,0.09939260919695635,3,108046
75,high_gni_first,0.07296713850744896,0.10628699045965431,4,115958
76,high_gni_first,0.07836593215924839,0.11367978723476937,4,124687
77,high_gni_first,0.08412483499706033,0.12148237948156941,4,133848
78,high_gni_first,0.09030702200212713,0.12981097725546098,4,143550
79,high_gni_first,0.09692980662601247,0.13869445229120184,4,154101
80,high_gni_first,0.10403800375776749,0.14818571248478538,4,165355
81,high_gni_first,0.11162028908453518,0.15824460814223557,4,177311
82,high_gni_first,0.11976124411858763,0.1690140135374519,4,190360
83,high_gni_first,0.12847639624651105,0.1804919700612508,4,204355
84,high_gni_first,0.13782823119262572,0.19273784957290432,4,219304
85,high_gni_first,0.1478446625268088,0.2058251154534902,5,235334
86,high_gni_first,0.1585584664812422,0.2196764155143739,6,252517
87,high_gni_first,0.17005163209656507,0.23448263925697305,6,270811
88,high_gni_first,0.1823553514888709,0.25028469671763937,7,290469
89,high_gni_first,0.1955044731473558,0.26705812412322205,7,311634
90,high_gni_first,0.2095606008002802,0.2850079460903924,7,334091
91,high_gni_first,0.22464116211033425,0.3041594785664391,8,358140
92,high_gni_first,0.24076108826634082,0.3245458350610898,9,383922
93,high_gni_first,0.2580078192555368,0.34627634089000864,9,410960
94,high_gni_first,0.27642192148137595,0.3693806300626613,9,440096
95,high_gni_first,0.29611509929393404,0.39401389961158984,9,471473
96,high_gni_first,0.317194075402852,0.4202897904290907,9,504698
97,high_gni_first,0.33969085983929986,0.4482359081383208,11,540476
98,high_gni_first,0.3637448028277372,0.4779877305545478,12,578812
99,high_gni_first,0.38941600232283907,0.5096058690355755,12,619579
100,high_gni_first,0.41680591987042526,0.5433188188988111,13,663305
101,high_gni_first,0.4460844068652418,0.5792452844392956,13,710143
102,high_gni_first,0.47731421459568907,0.6173397056786434,13,760192
103,high_gni_first,0.5106368845185856,0.6579406811115539,13,812626
104,high_gni_first,0.5461793649208038,0.7011106364659007,13,869017
105,high_gni_first,0.5840630167989763,0.7468856678827595,14,929321
106,high_gni_first,0.6245185120880841,0.7957156338201024,14,993288
107,high_gni_first,0.6676273406223965,0.8475703302162946,15,1061925
108,high_gni_first,0.7135134978972245,0.9026920519576931,15,1134852
109,high_gni_first,0.7624145987911014,0.9611706251159077,16,1212953
110,high_gni_first,0.8144827341253098,1.0233012731588498,18,1295313
111,high_gni_first,0.8699192167731662,1.0893306807349379,18,1383044
112,high_gni_first,0.9289310187508278,1.1593437209779174,19,1476921
113,high_gni_first,0.9916049335792084,1.233580724542552,20,1576446
114,high_gni_first,1.0581891641737573,1.3122425040219352,22,1682771
115,high_gni_first,1.1290152335715238,1.395727445798068,23,1795147
116,high_gni_first,1.2041903307311261,1.484075199198387,25,1914982
117,high_gni_first,1.2840525795013635,1.5776891989841442,26,2041942
118,high_gni_first,1.3687764710899406,1.6767605739494367,28,2176211
119,high_gni_first,1.4519127369869018,1.7736758262284185,28,2308134
120,high_gni_first,1.5334977632587263,1.8687659147338307,28,2438198
121,high_gni_first,1.6135158605382798,1.9620429274355142,30,2564175
122,high_gni_first,1.6920302425913203,2.05334595218803,30,2689104
123,high_gni_first,1.7690686508490043,2.1428326280557264,32,2811386
124,high_gni_first,1.8446420446187053,2.2305032027337117,33,2931480
125,high_gni_first,1.9187609682814835,2.3165138723156007,34,3048856
126,high_gni_first,1.9914432838760008,2.400731963104973,35,3164564
127,high_gni_first,2.062754268550298,2.483232106565947,38,3278008
128,high_gni_first,2.132724856193993,2.564168542234624,39,3388658
129,high_gni_first,2.2012909894544204,2.643361679895102,41,3497941
130,high_gni_first,2.2684989730317744,2.7208148226171156,42,3604451
131,high_gni_first,2.334447063490786,2.796760920530315,42,3709267
132,high_gni_first,2.404245305728613,2.876978957172775,42,3820467
133,high_gni_first,2.478132065013584,2.96156783398881,42,3937506
134,high_gni_first,2.556366452328727,3.050850212804877,42,4061689
135,high_gni_first,2.6390811133660144,3.14507119246311,45,4192900
136,high_gni_first,2.7265481217185084,3.2444380529769266,45,4332046
137,high_gni_first,2.8122751772132197,3.3417301731947338,45,4468545
138,high_gni_first,2.8962451298800733,3.4369113129900923,46,4602256
139,high_gni_first,2.978516509966318,3.529966590333568,46,4733569
140,high_gni_first,3.0592079292320618,3.62124226773407,46,4861843
141,high_gni_first,3.138244045362246,3.710522677689527,47,4987123
142,high_gni_first,3.2157022904640202,3.7979639382681305,48,5110281
143,high_gni_first,3.2915691392633044,3.8834415973467173,48,5230837
144,high_gni_first,3.3658884155720825,3.967079915598507,48,5348622
145,high_gni_first,3.4387070629165066,4.049049319485438,48,5463701
146,high_gni_first,3.51009917686647,4.12923344894476,48,5577372
147,high_gni_first,3.5800180996514177,4.207600792297537,48,5688536
148,high_gni_first,3.648508381625696,4.284384755934049,48,5797637
149,high_gni_first,3.715614920440233,4.359585245480225,48,5904216
150,high_gni_first,3.7864926286602816,4.438685378037908,48,6016984
151,high_gni_first,3.861311112515617,4.521975769696223,49,6136100
152,high_gni_first,3.9403093888340086,4.60977703116218,50,6261122
153,high_gni_first,4.023802521715844,4.70238203490464,50,6393561
154,high_gni_first,4.111937100599225,4.799761129412428,51,6533790
155,high_gni_first,4.198240724228143,4.895166123931895,51,6670821
156,high_gni_first,4.28276825150088,4.988410136040064,51,6805126
157,high_gni_first,4.365535799276515,5.07959636970138,51,6937008
158,high_gni_first,4.446586734104078,5.16888941090137,51,7065708
159,high_gni_first,4.5259602833175965,5.256155849896443,51,7192115
160,high_gni_first,4.603658790788624,5.341541649609321,52,7315346
161,high_gni_first,4.679842702675174,5.425288497161514,52,7436066
162,high_gni_first,4.754351576780445,5.506961674131411,52,7554805
163,high_gni_first,4.827318622869621,5.586944315066305,52,7670892
164,high_gni_first,4.898733308739122,5.6650658697120475,53,7784593
165,high_gni_first,4.968692333282465,5.741554408727651,54,7895410
166,high_gni_first,5.037185572200902,5.816423163596182,54,8004644
167,high_gni_first,5.104264917719818,5.889734453927908,54,8111663
168,high_gni_first,5.175020751845793,5.966861539404042,54,8223941
169,high_gni_first,5.249735451957868,6.04816577274064,54,8342538
170,high_gni_first,5.328519655077659,6.133843429709778,54,8467535
171,high_gni_first,5.411609991604148,6.223977909532666,54,8599267
172,high_gni_first,5.499284296012199,6.318776603075544,56,8737635
173,high_gni_first,5.585123103448517,6.411678942441979,56,8874678
174,high_gni_first,5.669221206966909,6.502536546410623,56,9008109
175,high_gni_first,5.751491428433003,6.591442819105034,56,9138392
176,high_gni_first,5.831979266124613,6.678270297123732,56,9265719
177,high_gni_first,5.91083725452219,6.763317229955536,56,9391213
178,high_gni_first,5.988057057543143,6.846472692679664,56,9514164
179,high_gni_first,6.063630854208181,6.927873422587826,57,9633468
180,high_gni_first,6.137641557913943,7.00752659482873,57,9751064
181,high_gni_first,6.210040092156092,7.085475313314088,57,9865740
182,high_gni_first,6.2809818546856055,7.161773158848544,57,9977740
183,high_gni_first,6.350387400746891,7.236314028656449,57,10088167
184,high_gni_first,6.418372375745684,7.309327419538434,57,10195773
185,high_gni_first,6.484820750237165,7.380715869198265,58,10301715
186,high_gni_first,6.554884740803906,7.455844533580331,58,10412873
187,high_gni_first,6.628808581988762,7.535011933953282,59,10529984
188,high_gni_first,6.7067402608703075,7.618384282130189,60,10653298
189,high_gni_first,6.788947186667942,7.706234793703465,60,10783726
190,high_gni_first,6.8756018653616255,7.798798681969629,61,10921259
191,high_gni_first,6.960477329273048,7.889387725696014,61,11055907
192,high_gni_first,7.043506175040966,7.978041341611043,61,11188055
193,high_gni_first,7.124763416504097,8.064783290234498,61,11316794
194,high_gni_first,7.204262999578372,8.149745497863954,61,11442424
195,high_gni_first,7.282149498316002,8.23283152612671,61,11565461
196,high_gni_first,7.358388840141785,8.314016498764001,62,11685689
197,high_gni_first,7.433024551220792,8.393541126204077,62,11803996
198,high_gni_first,7.506043903700478,8.47135685469086,62,11919548
199,high_gni_first,7.577524155816961,8.54745553481033,62,12033011
200,high_gni_first,7.647480151338475,8.621945064088175,62,12144136
201,high_gni_first,7.715978114656646,8.694913567169966,62,12253285
202,high_gni_first,7.7829709621099505,8.766171498962454,62,12360247
203,high_gni_first,7.853589093778943,8.841330158489352,63,12472370
204,high_gni_first,7.928083516762647,8.92060304242957,63,12590698
205,high_gni_first,8.006537328271639,9.004047885961274,63,12715032
206,high_gni_first,8.089331572525607,9.092115921549931,63,12846692
207,high_gni_first,8.176487618870965,9.184782024697498,63,12984988
208,high_gni_first,8.261839287429932,9.275522562432347,63,13120683
209,high_gni_first,8.34531492337354,9.364196316313338,63,13252964
210,high_gni_first,8.42712254268987,9.451133407368474,63,13382811
211,high_gni_first,8.507140700121782,9.536210285257782,63,13508478
212,high_gni_first,8.585407229048204,9.61937267804955,63,13632640
213,high_gni_first,8.662047089777948,9.700818677253306,63,13753834
214,high_gni_first,8.737041593840246,9.780549468697176,63,13872044
215,high_gni_first,8.810394836766026,9.858529000459106,63,13988328
216,high_gni_first,8.882158825069851,9.934833798981709,63,14101869
217,high_gni_first,8.952404283910685,10.009541938393824,63,14213674
218,high_gni_first,9.021165090184367,10.082637792399446,63,14323106
219,high_gni_first,9.088432765228715,10.154161992137674,63,14429880
220,high_gni_first,9.159290939949082,10.229465471689364,63,14541574
221,high_gni_first,9.234016830573985,10.308894342008703,63,14660065
222,high_gni_first,9.312728125255298,10.39261068108648,63,14784732
223,high_gni_first,9.395640001630333,10.480832813688853,63,14915810
224,high_gni_first,9.482980343463455,10.573740289591347,63,15054167
225,high_gni_first,9.568498435151305,10.664711945213584,63,15189759
226,high_gni_first,9.652198073684128,10.75385140787553,64,15322502
227,high_gni_first,9.73409157989978,10.841029330872173,64,15452405
228,high_gni_first,9.814218483792747,10.926345373505745,64,15579123
229,high_gni_first,9.892602333288812,11.009904471398269,64,15703133
230,high_gni_first,9.969285133330935,11.091540736804532,64,15824740
231,high_gni_first,10.044278723636413,11.171428702064011,64,15943782
232,high_gni_first,10.117714815251198,11.249673156613293,64,16060311
233,high_gni_first,10.189531825597347,11.326191270748078,64,16174540
234,high_gni_first,10.259845882260377,11.401106705640263,64,16286162
235,high_gni_first,10.32866798177946,11.47444941521909,64,16395234
236,high_gni_first,10.395987694865266,11.546286990697036,64,16501813
237,high_gni_first,10.466923392266105,11.622022921601074,64,16614570
238,high_gni_first,10.541639993787484,11.70183037308092,64,16732691
239,high_gni_first,10.620293976851636,11.785865340916773,64,16857450
240,high_gni_first,10.703079621054966,11.874309832912,64,16988420
241,high_gni_first,10.790309294412618,11.967695878450073,64,17126095
242,high_gni_first,10.875724234677303,12.059103736034093,64,17261419
243,high_gni_first,10.959274953058253,12.1485011956791,64,17393365
244,high_gni_first,11.041046265510634,12.236067538526164,64,17522732
245,high_gni_first,11.121004523094332,12.321686865771005,64,17649226
246,high_gni_first,11.19921085344472,12.405495395201797,64,17773371
247,high_gni_first,11.275771488857522,12.487404715875167,64,17894126
248,high_gni_first,11.350706099479579,12.56773342417645,64,18013257
249,high_gni_first,11.423954925874892,12.646238210401549,64,18129575
250,high_gni_first,11.495624570256652,12.723074230843311,64,18242976
251,high_gni_first,11.565787015665594,12.798273134232907,64,18354518
252,high_gni_first,11.634442187200372,12.871847408683445,64,18463016
253,high_gni_first,11.701575581214938,12.94383547443877,64,18568772
254,high_gni_first,11.772196558288016,13.019682978903553,64,18680447
255,high_gni_first,11.846596847182228,13.099612308745174,64,18798063
256,high_gni_first,11.924962346181754,13.183837265097502,64,18922011
257,high_gni_first,12.007487548324635,13.272628857424777,64,19051955
258,high_gni_first,12.094338816822267,13.366145002469022,64,19189141
259,high_gni_first,12.179336685763015,13.457743032075244,64,19323323
260,high_gni_first,12.26244667477796,13.54724237290437,64,19454910
261,high_gni_first,12.343719302177748,13.634877078073261,64,19583131
262,high_gni_first,12.423259215660345,13.720573153300318,64,19708829
263,high_gni_first,12.501059538222885,13.80448101801901,64,19831499
264,high_gni_first,12.577150195809713,13.886581106693798,64,19951842
265,high_gni_first,12.651582046273408,13.966924094837832,64,20069475
266,high_gni_first,12.724377175833139,14.045439428148068,64,20185467
267,high_gni_first,12.795584348085157,14.122414984262667,64,20298813
268,high_gni_first,12.865292588532721,14.197624985472991,64,20408792
269,high_gni_first,12.933410386088402,14.271233796650524,64,20516507
270,high_gni_first,13.000045596726718,14.343187744868796,64,20622294
271,high_gni_first,13.070160884491823,14.419019301951593,64,20733373
272,high_gni_first,13.143980517774942,14.498848947484449,64,20850176
273,high_gni_first,13.22166226896417,14.58289737283121,64,20972917
274,high_gni_first,13.3034861766591,14.671402198920722,64,21102177
275,high_gni_first,13.389653015327893,14.764685044481968,64,21238182
276,high_gni_first,13.473831957841583,14.855835172310508,64,21371916
277,high_gni_first,13.556282153922359,14.945194162412044,64,21501787
278,high_gni_first,13.636872271205178,15.032439258938911,64,21629838
279,high_gni_first,13.715731932076556,15.117950451806049,64,21754138
280,high_gni_first,13.79281480968041,15.201500289384395,64,21875973
281,high_gni_first,13.86820536808039,15.283232526076452,64,21996132
282,high_gni_first,13.94194830844756,15.363177477298537,64,22112803
283,high_gni_first,14.014066384432015,15.441344066800834,64,22226607
284,high_gni_first,14.084626272535502,15.517882013503689,64,22338106
285,high_gni_first,14.153561949824818,15.592534635762986,64,22447311
286,high_gni_first,14.220983076942172,15.66571336008927,64,22553977
287,high_gni_first,14.28699348285885,15.737274820593923,64,22658214
288,high_gni_first,14.356439870386003,15.812605672831625,64,22767474
289,high_gni_first,14.429544124904302,15.892077079869502,64,22882963
290,high_gni_first,14.50642215038052,15.975504954518149,64,23004188
291,high_gni_first,14.587365759595661,16.063364764843268,64,23131545
292,high_gni_first,14.672476034685886,16.15581916164883,64,23266787
293,high_gni_first,14.755724022851933,16.24631782078093,64,23398187
294,high_gni_first,14.837141014222544,16.334766626066468,64,23527171
295,high_gni_first,14.91672989844046,16.421287405014837,64,23652965
296,high_gni_first,14.994578525653148,16.50590511129947,64,23776105
297,high_gni_first,15.07076298887716,16.58879667262843,64,23896649
298,high_gni_first,15.145264478494036,16.669736205743945,64,24014216
299,high_gni_first,15.218095228678019,16.749025669599465,64,24129662
300,high_gni_first,15.289351029661475,16.82657025642856,64,24241606
301,high_gni_first,15.359036730658621,16.90233028265783,64,24351686
302,high_gni_first,15.42716623883797,16.97645341830185,64,24459777
303,high_gni_first,15.493801357148564,17.04898300370266,64,24564997
304,high_gni_first,15.563907028986371,17.12513470493481,64,24676059
305,high_gni_first,15.637639785139985,17.205308401551516,64,24792775
306,high_gni_first,15.715193319605353,17.28972174800973,64,24915766
307,high_gni_first,15.79676242877072,17.378599251705392,64,25044706
308,high_gni_first,15.882587606205249,17.472096732925646,64,25180699
309,high_gni_first,15.966494095354259,17.56339671127085,64,25313513
310,high_gni_first,16.048548822914498,17.652722985018922,64,25443107
311,high_gni_first,16.12880032822005,17.740030479683092,64,25569526
312,high_gni_first,16.20729794237433,17.825556823483648,64,25693517
313,high_gni_first,16.284041137811034,17.90903173998869,64,25815536
314,high_gni_first,16.359091469046426,17.99072209927831,64,25934917
315,high_gni_first,16.43253824598512,18.070718491533324,64,26050907
316,high_gni_first,16.504277334968982,18.14878765697627,64,26164150
317,high_gni_first,16.57444190902478,18.22516645327627,64,26275052
318,high_gni_first,16.643084372473794,18.299885485951087,64,26382971
319,high_gni_first,16.71024039177671,18.372959319837346,64,26488486
320,high_gni_first,16.7807860210139,18.449711046478622,64,26600241
321,high_gni_first,16.855029207595887,18.530435185268654,64,26717103
322,high_gni_first,16.93309966867175,18.615248661184108,64,26840525
323,high_gni_first,17.015278599000883,18.704614217100517,64,26971231
324,high_gni_first,17.101692255026148,18.79850289036556,64,27107491
325,high_gni_first,17.18616753409338,18.890316754714366,64,27240737
326,high_gni_first,17.26876023138802,18.980051968898255,64,27372088
327,high_gni_first,17.349534812799327,19.067853331895357,64,27499719
328,high_gni_first,17.428624101816116,19.153721347162964,64,27624213
329,high_gni_first,17.505836752239023,19.23757947453328,64,27746020
330,high_gni_first,17.58132242979567,19.319526016550622,64,27865871
331,high_gni_first,17.655123067429155,19.39951537283827,64,27982585
332,high_gni_first,17.72726782048657,19.47776942331676,64,28096846
333,high_gni_first,17.79790718851489,19.554399457399846,64,28208551
334,high_gni_first,17.866874189430675,19.629135031667097,64,28317783
335,high_gni_first,17.934276938593566,19.702163374269468,64,28424298
336,high_gni_first,18.000234696961886,19.77366330650425,64,28528655
337,high_gni_first,18.06962525117818,19.848826548164592,64,28637511
338,high_gni_first,18.142548140409836,19.927736007539234,64,28752552
339,high_gni_first,18.219270193332978,20.01069792325226,64,28873711
340,high_gni_first,18.299921130948512,20.097804318499378,64,29001048
341,high_gni_first,18.384680530281972,20.18936547814409,64,29134353
342,high_gni_first,18.467619428631817,20.278918957227017,64,29264731
343,high_gni_first,18.548686888657752,20.366352807633607,64,29392381
344,high_gni_first,18.62795850180407,20.451824694525566,64,29517967
345,high_gni_first,18.705410543968053,20.535295565929005,64,29639615
346,high_gni_first,18.781148544524083,20.61684462441648,64,29759541
347,high_gni_first,18.85525684632558,20.696659582946143,64,29876781
348,high_gni_first,18.92773996559947,20.774716012404554,64,29990740
349,high_gni_first,18.99883726654831,20.853962522321922,64,30102577
350,high_gni_first,19.06943280144684,20.938754737297707,64,30211628
351,high_gni_first,19.150015386792305,21.108254974100603,64,30318188
352,high_gni_first,19.231647261076798,21.29517941352724,65,30422486
353,high_gni_first,19.319597487079733,21.507796408141253,65,30531725
354,high_gni_first,19.41115965364275,21.722513311520316,65,30647101
355,high_gni_first,19.506308668798972,21.936852256949184,66,30769132
356,high_gni_first,19.608570440986284,22.16466540526864,67,30896755
357,high_gni_first,19.718309726142703,22.402289554164593,68,31030957
358,high_gni_first,19.83008013655699,22.659962594000287,69,31161876
359,high_gni_first,19.9408426001201,22.917280887677236,69,31290211
360,high_gni_first,20.04738043281983,23.15761152838507,69,31415484
361,high_gni_first,20.152120907474615,23.395971404785932,69,31538181
362,high_gni_first,20.256129386985716,23.63834361236705,69,31658118
363,high_gni_first,20.36290770154233,23.904132126047745,69,31775459
364,high_gni_first,20.473089479241178,24.19756667165824,69,31889683
365,high_gni_first,20.58689100782002,24.519189695271333,69,32001671
366,high_gni_first,20.701103410123473,24.850760934471047,69,32110606
367,high_gni_first,20.816352615981486,25.19539810232893,69,32217601
368,high_gni_first,20.934315968326153,25.56286028423749,69,32322102
369,high_gni_first,21.0580673633816,25.947217758685994,69,32431770
370,high_gni_first,21.190423961768413,26.364424261169834,69,32546965
371,high_gni_first,21.333883498974064,26.827509370626082,69,32667962
372,high_gni_first,21.485860491527223,27.320943861205333,69,32794505
373,high_gni_first,21.651004379779252,27.87065910792902,69,32927896
374,high_gni_first,21.825034855629678,28.480442401641582,69,33057620
375,high_gni_first,22.00093993623378,29.109999346005534,69,33185011
376,high_gni_first,22.174073870739683,29.73201715922692,69,33309081
377,high_gni_first,22.357335732219287,30.420483942543036,69,33430486
378,high_gni_first,22.54303306698764,31.13144300702238,69,33548850
379,high_gni_first,22.733754291451003,31.87912925834235,69,33664194
380,high_gni_first,22.94441074399666,32.74891427294871,69,33777589
381,high_gni_first,23.160234747702333,33.65649290319553,69,33887191
382,high_gni_first,23.384126762164207,34.61774545148654,69,33995073
383,high_gni_first,23.60476586993203,35.56743635230897,69,34100104
384,high_gni_first,23.834785111699354,36.55486858260565,69,34209915
385,high_gni_first,24.07636962439746,37.59142399971963,69,34325204
386,high_gni_first,24.329061734980215,38.67397764291771,70,34445553
387,high_gni_first,24.59357516146958,39.80528102415383,70,34571926
388,high_gni_first,24.87161925731259,40.99444794232629,70,34703410
389,high_gni_first,25.161251369403438,42.229423263168805,70,34841255
390,high_gni_first,25.45384486996762,43.49104642802843,70,34976482
391,high_gni_first,25.755614510028387,44.74545195374014,73,35108199
392,high_gni_first,26.062960421591512,45.8988532594715,74,35236652
393,high_gni_first,26.371275058443594,47.01091329712305,77,35362090
394,high_gni_first,26.67835320203077,48.05229116317077,78,35484120
395,high_gni_first,26.98508704999838,49.09247485904135,78,35603905
396,high_gni_first,27.286828473117758,50.117001270226424,79,35720610
397,high_gni_first,27.581603815388224,51.09614306896269,80,35834316
398,high_gni_first,27.88336743974376,52.08861063707187,81,35945028
399,high_gni_first,28.192952272946595,53.04724861093155,84,36053827
400,high_gni_first,28.521690400719752,54.067570930912595,85,36159901
401,high_gni_first,28.86784244064984,55.141651300465256,85,36270853
402,high_gni_first,29.229088151666897,56.25982508336632,86,36386337
403,high_gni_first,29.605379951412488,57.41702634917526,86,36507249
404,high_gni_first,29.99261108438944,58.59014779358827,86,36633965
405,high_gni_first,30.38184156977359,59.7578678800186,87,36766653
406,high_gni_first,30.774870073362262,60.92661011347456,87,36905214
407,high_gni_first,31.159000524829064,61.94099745286169,87,37040548
408,high_gni_first,31.537769271293705,62.8838247530093,88,37173003
409,high_gni_first,31.918119317462907,63.79834840853777,90,37301669
410,high_gni_first,32.29336430363599,64.6548421567977,91,37427153
411,high_gni_first,32.665626334100544,65.45563720787645,93,37549853
412,high_gni_first,33.02974433146636,66.1382266494856,98,37668696
413,high_gni_first,33.38888533999316,66.7374745235825,100,37784916
414,high_gni_first,33.74878959375293,67.23939132622864,110,37898945
415,high_gni_first,34.112452681875226,67.67164502526876,111,38009443
416,high_gni_first,34.47021542449747,68.07000277775346,115,38117795
417,high_gni_first,34.826085969734805,68.40354890743059,117,38223646
418,high_gni_first,35.184611249168874,68.7278490103419,117,38333753
419,high_gni_first,35.54780351740673,69.05475918118576,117,38449408
420,high_gni_first,35.91831967604959,69.38679351885838,118,38569904
421,high_gni_first,36.29776703351932,69.72530670628592,118,38696356
422,high_gni_first,36.68900577315212,70.07159243077612,119,38828529
423,high_gni_first,37.094955331422575,70.42094666192222,120,38966702
424,high_gni_first,37.50837288146344,70.76403268637803,120,39101066
425,high_gni_first,37.92170073685796,71.1075946198605,120,39232242
426,high_gni_first,38.34569334969517,71.46142989681269,120,39360272
427,high_gni_first,38.78166025205883,71.8267481303279,120,39485232
428,high_gni_first,39.229941227791244,72.20383268540293,120,39606479
429,high_gni_first,39.69120040412477,72.59333067643281,120,39724513
430,high_gni_first,40.16421822744238,72.99404455353964,120,39839070
431,high_gni_first,40.64949069791052,73.40646938975603,120,39950549
432,high_gni_first,41.13797314731903,73.82240449252446,120,40059406
433,high_gni_first,41.640595450742794,74.25175787631326,120,40164858
434,high_gni_first,42.156681267854886,74.69183200753864,120,40274388
435,high_gni_first,42.685400405120994,75.14190168558979,120,40387527
436,high_gni_first,43.21443712794087,75.59070853208942,120,40504278
437,high_gni_first,43.75619380337903,76.04953626723602,120,40625027
438,high_gni_first,44.30679048065876,76.51468331367077,120,40749347
439,high_gni_first,44.863312727915655,76.98349573885434,120,40877322
440,high_gni_first,45.44123669519964,77.46998892908266,120,41009082
441,high_gni_first,46.03644350120971,77.97032854298376,120,41145010
442,high_gni_first,46.639964692883865,78.47917447675259,120,41276247
443,high_gni_first,47.25695032723456,79.0011389227943,120,41403467
444,high_gni_first,47.8847598155642,79.53386029666557,120,41526290
445,high_gni_first,48.52268121912466,80.07664148525937,120,41644579
446,high_gni_first,49.17861171882568,80.63660598769047,121,41759367
447,high_gni_first,49.84329231746688,81.20541602571434,121,41870508
448,high_gni_first,50.51709078472516,81.78332978034003,121,41977310
449,high_gni_first,51.21093965703079,82.38024824016256,121,42080708
450,high_gni_first,51.94880544948393,83.01565431455701,121,42186192
451,high_gni_first,52.73345844269187,83.6919566398328,121,42293719
452,high_gni_first,53.5521341151021,84.39754101514418,121,42404115
453,high_gni_first,54.386381721832635,85.08552879316791,123,42516582
454,high_gni_first,55.225258578223276,85.74654765395142,123,42631550
455,high_gni_first,56.08347092768721,86.41250667087733,125,42749208
456,high_gni_first,56.96837312487778,87.08284834872097,125,42868609
457,high_gni_first,57.88457923270191,87.7747459305891,126,42990759
458,high_gni_first,58.80105130625314,88.35449789067493,134,43116726
459,high_gni_first,59.7043799715379,88.85841486879484,140,43245540
460,high_gni_first,60.61362205807322,89.3191311656866,146,43376929
461,high_gni_first,61.53242023412647,89.74440976895153,149,43511559
462,high_gni_first,62.46252056260932,90.10056064807918,159,43641191
463,high_gni_first,63.395541009688195,90.42441660499709,159,43767302
464,high_gni_first,64.33646401292513,90.75102998605112,160,43889432
465,high_gni_first,65.29882446247196,91.08066336580599,163,44006993
466,high_gni_first,66.28250940567514,91.40503397455227,168,44120430
467,high_gni_first,67.27272098444998,91.69309026869051,174,44229731
468,high_gni_first,68.28745520539064,91.95958467796099,177,44334925
469,high_gni_first,69.30549045336609,92.18923355507101,181,44442854
470,high_gni_first,70.32031478702079,92.38641275430498,183,44551522
471,high_gni_first,71.30287113859424,92.5727678450192,183,44662166
472,high_gni_first,72.25822944144215,92.75375850028276,183,44774605
473,high_gni_first,73.19821355875823,92.93157768034604,183,44887782
474,high_gni_first,74.12274133314655,93.10625729397756,183,45001092
475,high_gni_first,75.02570808207314,93.27668143725658,183,45114077
476,high_gni_first,75.91594608705107,93.44449120964667,183,45226459
477,high_gni_first,76.80249466340794,93.61140105158559,183,45337680
478,high_gni_first,77.71182425998856,93.78233383812938,183,45446908
479,high_gni_first,78.62864656807425,93.95446408039496,184,45553605
480,high_gni_first,79.5538271981037,94.12796481278757,184,45657658
481,high_gni_first,80.49803065992437,94.30482993722278,184,45758775
482,high_gni_first,81.45992367833117,94.48482347078219,184,45856832
483,high_gni_first,82.45579871005965,94.67098732333652,184,45950644
484,high_gni_first,83.49190440390198,94.85899617132024,184,46041448
485,high_gni_first,84.54615389122262,95.04728225750914,185,46127504
486,high_gni_first,85.64510296255618,95.24176845532166,187,46209524
487,high_gni_first,86.73788910897757,95.4243801681643,191,46287522
488,high_gni_first,87.82066260258175,95.57827817358685,194,46360921
489,high_gni_first,88.88405691158246,95.72315226886417,195,46430421
490,high_gni_first,89.92524010986222,95.85701714259773,201,46496247
491,high_gni_first,90.9399819933535,95.96790142709187,209,46557579
492,high_gni_first,91.9507594646216,96.05939657845714,213,46615199
493,high_gni_first,92.95677138634399,96.13972456278997,216,46669721
494,high_gni_first,94.0029398497557,96.20730331451738,225,46720158
495,high_gni_first,95.06308592908728,96.25998545082442,230,46766881
496,high_gni_first,96.13123259249379,96.30496094838297,235,46810360
497,high_gni_first,96.15747812909856,96.30982537829735,235,46851085
498,high_gni_first,96.18184048353963,96.31433542022592,235,46888918
499,high_gni_first,96.20443409603158,96.31852260666865,235,46923808
500,high_gni_first,96.22542094881865,96.32240713311302,235,46956259
501,high_gni_first,96.24493492345862,96.32602007502494,235,46986431
502,high_gni_first,96.26302997706279,96.32937234026264,235,47014213
503,high_gni_first,96.2798555561818,96.33248845824055,235,47040405
504,high_gni_first,96.2954627115549,96.33537339429546,235,47064843
505,high_gni_first,96.30998375143062,96.33806225881078,235,47087132
506,high_gni_first,96.32346281550839,96.34055907234779,235,47107912
507,high_gni_first,96.33596451625554,96.3428748105777,235,47127368
508,high_gni_first,96.34757711443994,96.34502476127354,235,47145467
509,high_gni_first,96.35836699025246,96.34702411929891,235,47162268
510,high_gni_first,96.36837830037724,96.34887905594873,235,47177773
511,high_gni_first,96.37767241802025,96.35060135341361,235,47192349
512,high_gni_first,96.38630734943612,96.35219918559444,235,47205784
513,high_gni_first,96.39431046637121,96.35368091744603,235,47218405
514,high_gni_first,96.40175103724013,96.35505834192254,235,47230016
515,high_gni_first,96.40865770037945,96.3563369255853,235,47240723
516,high_gni_first,96.41506210302127,96.35752201867089,235,47250575
517,high_gni_first,96.42100545475641,96.35862094326939,235,47259962
518,high_gni_first,96.42654076246332,96.35964341375599,235,47268494
519,high_gni_first,96.43166223180606,96.36059141386025,235,47276414
520,high_gni_first,96.43645332779882,96.36147936839225,235,47283900
521,high_gni_first,96.4408870393338,96.36229983909799,235,47290827
522,high_gni_first,96.44501033303756,96.36306251793454,235,47297170
523,high_gni_first,96.44883399678967,96.36376889734602,235,47303072
524,high_gni_first,96.45237868980185,96.36442445401582,235,47308514
525,high_gni_first,96.4556670801617,96.36503434735454,235,47313685
526,high_gni_first,96.4587215928191,96.36559984749557,235,47318488
527,high_gni_first,96.46156753871095,96.36612530940671,235,47322894
528,high_gni_first,96.46421232975112,96.36661662281327,235,47327036
529,high_gni_first,96.46665721763559,96.36706844669293,235,47330687
530,high_gni_first,96.46892740113017,96.36748903017833,235,47334206
531,high_gni_first,96.4710330785867,96.36787812811706,235,47337504
532,high_gni_first,96.47299791412932,96.36824291381681,235,47340513
533,high_gni_first,96.47481702669992,96.36858090673205,235,47343265
534,high_gni_first,96.47650848256214,96.36889420295903,235,47345882
535,high_gni_first,96.47807261564655,96.36918418723668,235,47348282
536,high_gni_first,96.47953148721962,96.36945332452919,235,47350516
537,high_gni_first,96.48088383962026,96.3697040685582,235,47352596
538,high_gni_first,96.4821410814674,96.36993600084105,235,47354582
539,high_gni_first,96.48330746088105,96.37015194588032,235,47356385
540,high_gni_first,96.48438740901719,96.3703522866957,235,47358053
541,high_gni_first,96.48538862085337,96.37053738326863,235,47359638
542,high_gni_first,96.48632748111574,96.37071150301142,235,47361157
543,high_gni_first,96.4871920763962,96.3708715028341,235,47362524
544,high_gni_first,96.48799992048052,96.37102078536539,235,47363771
545,high_gni_first,96.48874727418952,96.37115909005217,235,47364946
546,high_gni_first,96.48944544444625,96.37128847594333,235,47366049
547,high_gni_first,96.49009052068975,96.37140809330694,235,47367079
548,high_gni_first,96.49068716339582,96.3715178374966,235,47368034
549,high_gni_first,96.49124606152954,96.37162113506812,235,47368882
550,high_gni_first,96.49176206043552,96.37171662499803,235,47369690
551,high_gni_first,96.49224191773361,96.37180562677214,235,47370414
552,high_gni_first,96.49268599232384,96.37188733570491,235,47371088
553,high_gni_first,96.49310048252327,96.37196410735545,235,47371763
554,high_gni_first,96.49348565686782,96.37203520141802,235,47372359
555,high_gni_first,96.49384507895356,96.37210158529192,235,47372902
556,high_gni_first,96.49417300675574,96.37216251160503,235,47373445
557,high_gni_first,96.49448014757505,96.37221923424457,235,47373887
558,high_gni_first,96.49476836963136,96.37227265365489,235,47374321
559,high_gni_first,96.4950325549704,96.37232152471582,235,47374733
560,high_gni_first,96.49527738991938,96.372366588073,235,47375121
561,high_gni_first,96.49550727433758,96.37240906778133,235,47375460
562,high_gni_first,96.49571845849647,96.37244773287992,235,47375793
563,high_gni_first,96.49591721318562,96.37248463398227,235,47376125
564,high_gni_first,96.49609970076399,96.37251842066692,235,47376408
565,high_gni_first,96.4962712887378,96.37255032793382,235,47376675
566,high_gni_first,96.49642736344838,96.37257921367909,235,47376910
567,high_gni_first,96.49657427880344,96.37260647345254,235,47377134
568,high_gni_first,96.49670988376754,96.37263169949722,235,47377337
569,high_gni_first,96.49683530108751,96.37265507435517,235,47377548
570,high_gni_first,96.49695145217066,96.37267629667944,235,47377756
571,high_gni_first,96.49706229053938,96.37269669860366,235,47377924
572,high_gni_first,96.49716306421094,96.37271517422387,235,47378085
573,high_gni_first,96.49725712572706,96.37273221355268,235,47378218
574,high_gni_first,96.497344479856,96.37274840140462,235,47378341
575,high_gni_first,96.4974248118435,96.37276322176632,235,47378465
576,high_gni_first,96.49750018915329,96.37277689345102,235,47378585
577,high_gni_first,96.49757016092587,96.37278974570033,235,47378699
578,high_gni_first,96.49763413386688,96.37280146506541,235,47378806
579,high_gni_first,96.49769327417357,96.37281239624933,235,47378896
580,high_gni_first,96.4977504201443,96.3728229521982,235,47378972
581,high_gni_first,96.49780232068919,96.37283239582459,235,47379059
582,high_gni_first,96.4978516225043,96.37284149145682,235,47379127
583,high_gni_first,96.49789584804726,96.37284969064855,235,47379203
584,high_gni_first,96.49793676449407,96.37285727261168,235,47379261
585,high_gni_first,96.49797588227544,96.37286448880903,235,47379329
586,high_gni_first,96.49801098104643,96.37287104885823,235,47379379
587,high_gni_first,96.49804454563059,96.37287719870147,235,47379425
588,high_gni_first,96.49807483080006,96.3728827951458,235,47379473
589,high_gni_first,96.49810396132415,96.37288815843478,235,47379534
590,high_gni_first,96.49813086924313,96.3728930724393,235,47379572
591,high_gni_first,96.49815542980097,96.37289755128619,235,47379606
592,high_gni_first,96.49817819711718,96.37290171847522,235,47379638
593,high_gni_first,96.49820020243763,96.37290571681459,235,47379671
594,high_gni_first,96.49821972860963,96.37290931131626,235,47379706
595,high_gni_first,96.49823812208358,96.37291278039535,235,47379734
596,high_gni_first,96.49825549631522,96.37291607001258,235,47379761
597,high_gni_first,96.49827213617405,96.37291917426523,235,47379785
598,high_gni_first,96.4982860939798,96.37292162721548,235,47379803
599,high_gni_first,96.49829915845451,96.37292409003511,235,47379827
600,high_gni_first,96.49831171817992,96.37292643827756,235,47379854
601,high_gni_first,96.49832390720303,96.37292878474304,235,47379873
602,high_gni_first,96.49833465284333,96.37293076299994,235,47379887
603,high_gni_first,96.49834511406615,96.3729326454354,235,47379902
604,high_gni_first,96.49835467311821,96.37293432993675,235,47379914
605,high_gni_first,96.49836393710514,96.37293603634545,235,47379922
606,high_gni_first,96.49837160055901,96.37293739831323,235,47379930
607,high_gni_first,96.4983796369752,96.37293888015485,235,47379941
608,high_gni_first,96.49838657760773,96.37294015640423,235,47379949
609,high_gni_first,96.49839283414147,96.37294128306203,235,47379957
610,high_gni_first,96.49839884588421,96.37294248077681,235,47379964
611,high_gni_first,96.49840416152456,96.37294345094338,235,47379969
612,high_gni_first,96.49840950343194,96.37294447663886,235,47379973
613,high_gni_first,96.49841457337737,96.37294541307683,235,47379979
614,high_gni_first,96.49841929481964,96.37294634301402,235,47379985
615,high_gni_first,96.49842391164582,96.37294722065712,235,47379994
616,high_gni_first,96.49842753504456,96.3729478646985,235,47380002
617,high_gni_first,96.49843075966592,96.37294850121668,235,47380007
618,high_gni_first,96.49843433007868,96.37294922882437,235,47380018
619,high_gni_first,96.49843740026174,96.37294976248366,235,47380022
620,high_gni_first,96.49844026256851,96.37295032322217,235,47380029
621,high_gni_first,96.49844285652904,96.37295080211139,235,47380030
622,high_gni_first,96.49844515226062,96.37295121129951,235,47380034
623,high_gni_first,96.49844734518395,96.37295162240133,235,47380037
624,high_gni_first,96.49844958883347,96.37295202886625,235,47380042
625,high_gni_first,96.49845149779125,96.37295234884701,235,47380045
626,high_gni_first,96.49845350910532,96.37295269850009,235,47380050
627,high_gni_first,96.49845503083738,96.37295298274312,235,47380053
628,high_gni_first,96.49845678490487,96.37295329311858,235,47380056
629,high_gni_first,96.49845821673621,96.37295356507586,235,47380058
630,high_gni_first,96.49845975182775,96.37295384778177,235,47380060
631,high_gni_first,96.49846097804262,96.37295406864516,235,47380060
632,high_gni_first,96.49846210009336,96.3729542626714,235,47380062
633,high_gni_first,96.49846304234269,96.37295443987975,235,47380062
634,high_gni_first,96.49846408649631,96.37295462078103,235,47380065
635,high_gni_first,96.49846489831451,96.37295476390625,235,47380068
636,high_gni_first,96.498465865023,96.3729549306642,235,47380071
637,high_gni_first,96.49846674228273,96.37295510002696,235,47380072
638,high_gni_first,96.49846747801165,96.37295523794882,235,47380072
639,high_gni_first,96.49846808466532,96.3729553795906,235,47380072
640,high_gni_first,96.49846870241868,96.37295549898093,235,47380076
641,high_gni_first,96.49846928280533,96.3729555980451,235,47380077
642,high_gni_first,96.49846979865437,96.37295569826776,235,47380078
643,high_gni_first,96.49847035277402,96.37295579778706,235,47380080
644,high_gni_first,96.49847093270873,96.37295589921834,235,47380082
645,high_gni_first,96.4984713844721,96.3729559805193,235,47380082
646,high_gni_first,96.49847179706093,96.37295604345167,235,47380083
647,high_gni_first,96.49847215801967,96.37295611677555,235,47380084
648,high_gni_first,96.49847255815294,96.37295619589958,235,47380084
649,high_gni_first,96.49847298410127,96.37295625950902,235,47380084
650,high_gni_first,96.49847316480663,96.37295628747657,235,47380084
651,high_gni_first,96.49847352621732,96.37295634547502,235,47380084
652,high_gni_first,96.49847370692267,96.37295636960522,235,47380084
653,high_gni_first,96.49847387426853,96.37295640422218,235,47380085
654,high_gni_first,96.49847404206636,96.37295643999366,235,47380085
655,high_gni_first,96.49847418404913,96.37295646292368,235,47380085
656,high_gni_first,96.49847432603191,96.37295648691301,235,47380085
657,high_gni_first,96.49847450628529,96.37295651801828,235,47380086
658,high_gni_first,96.49847466117559,96.3729565491421,235,47380086
659,high_gni_first,96.49847484142899,96.37295657818541,235,47380087
660,high_gni_first,96.49847497005227,96.37295659914612,235,47380088
661,high_gni_first,96.49847507331248,96.37295661529731,235,47380088
662,high_gni_first,96.49847520238772,96.37295663827265,235,47380088
663,high_gni_first,96.49847534391854,96.37295666220137,235,47380089
664,high_gni_first,96.49847548544935,96.37295668726212,235,47380090
665,high_gni_first,96.49847564033965,96.3729567093837,235,47380090
666,high_gni_first,96.49847569196974,96.37295671898691,235,47380090
667,high_gni_first,96.49847580813747,96.37295673908926,235,47380090
668,high_gni_first,96.49847585976758,96.37295675721504,235,47380090
669,high_gni_first,96.49847593676077,96.37295676931448,235,47380091
670,high_gni_first,96.49847602666148,96.37295679524196,235,47380092
671,high_gni_first,96.49847610410663,96.37295681959895,235,47380092
672,high_gni_first,96.49847618155178,96.37295684295869,235,47380092
673,high_gni_first,96.49847623318188,96.37295685461972,235,47380092
674,high_gni_first,96.49847624608941,96.37295685562461,235,47380092
675,high_gni_first,96.49847631062703,96.3729568630441,235,47380092
676,high_gni_first,96.49847633644208,96.37295686784572,235,47380092
677,high_gni_first,96.49847637516466,96.37295687504813,235,47380092
678,high_gni_first,96.49847640097971,96.37295687811505,235,47380092
679,high_gni_first,96.49847645260981,96.37295689548276,235,47380092
680,high_gni_first,96.49847647842485,96.37295689961103,235,47380092
681,high_gni_first,96.49847649133238,96.37295690190255,235,47380092
682,high_gni_first,96.49847653005496,96.37295690899569,235,47380092
683,high_gni_first,96.49847655587,96.37295691312396,235,47380092
684,high_gni_first,96.49847655587,96.37295691312396,235,47380092
685,high_gni_first,96.49847656877753,96.37295691541549,235,47380092
686,high_gni_first,96.49847663331515,96.37295693537799,235,47380092
687,high_gni_first,96.49847667203773,96.37295694258042,235,47380092
688,high_gni_first,96.49847669785278,96.37295694738202,235,47380092
689,high_gni_first,96.49847672366784,96.37295695207436,235,47380092
690,high_gni_first,96.49847673657536,96.37295695447516,235,47380092
691,high_gni_first,96.49847673657536,96.37295695447516,235,47380092
692,high_gni_first,96.49847673657536,96.37295695447516,235,47380092
693,high_gni_first,96.49847673657536,96.37295695447516,235,47380092
694,high_gni_first,96.49847673657536,96.37295695447516,235,47380092
695,high_gni_first,96.49847674948288,96.37295695674425,235,47380092
696,high_gni_first,96.49847674948288,96.37295695674425,235,47380092
697,high_gni_first,96.49847674948288,96.37295695674425,235,47380092
698,high_gni_first,96.49847674948288,96.37295695674425,235,47380092
699,high_gni_first,96.49847676239041,96.37295695914506,235,47380092
700,high_gni_first,96.49847676239041,96.37295695914506,235,47380092
701,high_gni_first,96.49847677529793,96.37295695970394,235,47380092
702,high_gni_first,96.49847678820545,96.37295696037006,235,47380092
703,high_gni_first,96.49847678820545,96.37295696037006,235,47380092
704,high_gni_first,96.49847678820545,96.37295696037006,235,47380092
705,high_gni_first,96.49847678820545,96.37295696037006,235,47380092
706,high_gni_first,96.4984768140205,96.37295696503995,235,47380092
707,high_gni_first,96.49847682692803,96.37295696744076,235,47380092
708,high_gni_first,96.49847682692803,96.37295696744076,235,47380092
709,high_gni_first,96.49847682692803,96.37295696744076,235,47380092
710,high_gni_first,96.49847683983555,96.37295696984155,235,47380092
711,high_gni_first,96.49847683983555,96.37295696984155,235,47380092
712,high_gni_first,96.49847683983555,96.37295696984155,235,47380092
713,high_gni_first,96.49847685274308,96.3729569721331,235,47380092
714,high_gni_first,96.49847685274308,96.3729569721331,235,47380092
715,high_gni_first,96.4984768656506,96.37295697453389,235,47380092
716,high_gni_first,96.4984768656506,96.37295697453389,235,47380092
717,high_gni_first,96.4984768656506,96.37295697453389,235,47380092
718,high_gni_first,96.4984768656506,96.37295697453389,235,47380092
719,high_gni_first,96.4984768656506,96.37295697453389,235,47380092
720,high_gni_first,96.4984768656506,96.37295697453389,235,47380092
721,high_gni_first,96.4984768656506,96.37295697453389,235,47380092
722,high_gni_first,96.4984768656506,96.37295697453389,235,47380092
723,high_gni_first,96.4984768656506,96.37295697453389,235,47380092
724,high_gni_first,96.4984768656506,96.37295697453389,235,47380092
725,high_gni_first,96.4984768656506,96.37295697453389,235,47380092
726,high_gni_first,96.4984768656506,96.37295697453389,235,47380092
727,high_gni_first,96.4984768656506,96.37295697453389,235,47380092
728,high_gni_first,96.4984768656506,96.37295697453389,235,47380092
729,high_gni_first,96.4984768656506,96.37295697453389,235,47380092
730,high_gni_first,96.4984768656506,96.37295697453389,235,47380092
731,high_gni_first,96.4984768656506,96.37295697453389,235,47380092
732,high_gni_first,96.4984768656506,96.37295697453389,235,47380092
733,high_gni_first,96.4984768656506,96.37295697453389,235,47380092
734,high_gni_first,96.4984768656506,96.37295697453389,235,47380092
735,high_gni_first,96.4984768656506,96.37295697453389,235,47380092
736,high_gni_first,96.4984768656506,96.37295697453389,235,47380092
737,high_gni_first,96.4984768656506,96.37295697453389,235,47380092
738,high_gni_first,96.4984768656506,96.37295697453389,235,47380092
739,high_gni_first,96.4984768656506,96.37295697453389,235,47380092
740,high_gni_first,96.4984768656506,96.37295697453389,235,47380092
741,high_gni_first,96.4984768656506,96.37295697453389,235,47380092
742,high_gni_first,96.4984768656506,96.37295697453389,235,47380092
743,high_gni_first,96.4984768656506,96.37295697453389,235,47380092
744,high_gni_first,96.4984768656506,96.37295697453389,235,47380092
745,high_gni_first,96.4984768656506,96.37295697453389,235,47380092
746,high_gni_first,96.4984768656506,96.37295697453389,235,47380092
747,high_gni_first,96.49847687855812,96.37295697553878,235,47380092
748,high_gni_first,96.49847687855812,96.37295697553878,235,47380092
749,high_gni_first,96.49847687855812,96.37295697553878,235,47380092
750,high_gni_first,96.49847687855812,96.37295697553878,235,47380092
751,high_gni_first,96.49847687855812,96.37295697553878,235,47380092
752,high_gni_first,96.49847687855812,96.37295697553878,235,47380092
753,high_gni_first,96.49847687855812,96.37295697553878,235,47380092
754,high_gni_first,96.49847687855812,96.37295697553878,235,47380092
755,high_gni_first,96.49847687855812,96.37295697553878,235,47380092
756,high_gni_first,96.49847687855812,96.37295697553878,235,47380092
757,high_gni_first,96.49847687855812,96.37295697553878,235,47380092
758,high_gni_first,96.49847687855812,96.37295697553878,235,47380092
759,high_gni_first,96.49847687855812,96.37295697553878,235,47380092
760,high_gni_first,96.49847687855812,96.37295697553878,235,47380092
761,high_gni_first,96.49847687855812,96.37295697553878,235,47380092
762,high_gni_first,96.49847687855812,96.37295697553878,235,47380092
763,high_gni_first,96.49847687855812,96.37295697553878,235,47380092
764,high_gni_first,96.49847687855812,96.37295697553878,235,47380092
765,high_gni_first,96.49847687855812,96.37295697553878,235,47380092
766,high_gni_first,96.49847687855812,96.37295697553878,235,47380092
767,high_gni_first,96.49847687855812,96.37295697553878,235,47380092
768,high_gni_first,96.49847687855812,96.37295697553878,235,47380092
769,high_gni_first,96.49847687855812,96.37295697553878,235,47380092
770,high_gni_first,96.49847687855812,96.37295697553878,235,47380092
771,high_gni_first,96.49847687855812,96.37295697553878,235,47380092
772,high_gni_first,96.49847687855812,96.37295697553878,235,47380092
773,high_gni_first,96.49847687855812,96.37295697553878,235,47380092
774,high_gni_first,96.49847687855812,96.37295697553878,235,47380092
775,high_gni_first,96.49847687855812,96.37295697553878,235,47380092
776,high_gni_first,96.49847687855812,96.37295697553878,235,47380092
777,high_gni_first,96.49847687855812,96.37295697553878,235,47380092
778,high_gni_first,96.49847687855812,96.37295697553878,235,47380092
779,high_gni_first,96.49847687855812,96.37295697553878,235,47380092
780,high_gni_first,96.49847687855812,96.37295697553878,235,47380092
781,high_gni_first,96.49847687855812,96.37295697553878,235,47380092
782,high_gni_first,96.49847687855812,96.37295697553878,235,47380092
783,high_gni_first,96.49847687855812,96.37295697553878,235,47380092
784,high_gni_first,96.49847687855812,96.37295697553878,235,47380092
785,high_gni_first,96.49847687855812,96.37295697553878,235,47380092
786,high_gni_first,96.49847687855812,96.37295697553878,235,47380092
787,high_gni_first,96.49847687855812,96.37295697553878,235,47380092
788,high_gni_first,96.49847687855812,96.37295697553878,235,47380092
789,high_gni_first,96.49847687855812,96.37295697553878,235,47380092
790,high_gni_first,96.49847687855812,96.37295697553878,235,47380092
791,high_gni_first,96.49847687855812,96.37295697553878,235,47380092
792,high_gni_first,96.49847687855812,96.37295697553878,235,47380092
793,high_gni_first,96.49847687855812,96.37295697553878,235,47380092
794,high_gni_first,96.49847687855812,96.37295697553878,235,47380092
795,high_gni_first,96.49847687855812,96.37295697553878,235,47380092
796,high_gni_first,96.49847687855812,96.37295697553878,235,47380092
797,high_gni_first,96.49847687855812,96.37295697553878,235,47380092
798,high_gni_first,96.49847687855812,96.37295697553878,235,47380092
799,high_gni_first,96.49847687855812,96.37295697553878,235,47380092
0,low_gni_first,2.1450201070727403e-05,3.4218545930974516e-05,0,38
1,low_gni_first,4.4388574156913856e-05,6.88158525808676e-05,0,68
2,low_gni_first,6.895623914456485e-05,0.00010664406738220777,0,112
3,low_gni_first,9.591011091340038e-05,0.00014955582266134866,0,147
4,low_gni_first,0.00012441630035917866,0.0001967328714824087,0,196
5,low_gni_first,0.00015512908987352878,0.00024864563260080423,0,246
6,low_gni_first,0.0001873685389520371,0.00029798406127452706,0,299
7,low_gni_first,0.00022080109186290025,0.0003510322100725724,0,354
8,low_gni_first,0.0002591215203102097,0.0004135006906530911,0,411
9,low_gni_first,0.0003014574484799076,0.00048251696754642503,0,488
10,low_gni_first,0.0003464874813362263,0.000557929202493833,0,553
11,low_gni_first,0.000395019851172831,0.0006382066288509177,0,628
12,low_gni_first,0.0004476703531749571,0.0007214667867833163,0,706
13,low_gni_first,0.0005029251577888105,0.0008149909008988383,0,793
14,low_gni_first,0.0005628882333354915,0.0009147434401188082,0,899
15,low_gni_first,0.000628431955945157,0.0010221040884739732,0,1009
16,low_gni_first,0.0006993638905418485,0.0011404417072980754,0,1130
17,low_gni_first,0.0007748373161977852,0.0012680888725178762,0,1233
18,low_gni_first,0.0008551857952950737,0.0013957715816303063,0,1381
19,low_gni_first,0.0009433343512050093,0.0015432079756551467,0,1522
20,low_gni_first,0.0010380385697553608,0.0017022696484351669,0,1697
21,low_gni_first,0.0011399912136697452,0.0018666874454200517,0,1846
22,low_gni_first,0.0012505136865830681,0.002047688652393,0,2031
23,low_gni_first,0.0013711583045664653,0.002244949931285288,0,2231
24,low_gni_first,0.0014986536531486306,0.002452793091433484,0,2432
25,low_gni_first,0.0016377978137830423,0.002679480681304819,0,2672
26,low_gni_first,0.0017894888185051568,0.0029262014657192082,0,2924
27,low_gni_first,0.0019515585501690385,0.00319605694018237,0,3165
28,low_gni_first,0.002126508692774697,0.003480691822747782,0,3448
29,low_gni_first,0.0023144803561120962,0.003782534577175152,0,3725
30,low_gni_first,0.0025161791624864734,0.004110390468928864,0,4065
31,low_gni_first,0.002733349845421676,0.004462179852540221,0,4390
32,low_gni_first,0.0029665055925874356,0.004840902862593319,0,4763
33,low_gni_first,0.0032170062658256546,0.005247698066645416,0,5119
34,low_gni_first,0.0034907404621656547,0.0056860769178764085,0,5570
35,low_gni_first,0.003780716296442353,0.006151492471032021,0,6009
36,low_gni_first,0.004097633258566825,0.006661647703923812,0,6507
37,low_gni_first,0.004436141599022708,0.00720243952879631,0,7001
38,low_gni_first,0.004800346699012914,0.00778632204612934,0,7608
39,low_gni_first,0.005194636086189091,0.008412180826052613,0,8268
40,low_gni_first,0.0056197281522172024,0.009096228060561814,0,8908
41,low_gni_first,0.0060693495575696935,0.009808629558686754,0,9628
42,low_gni_first,0.006554712932006678,0.010583525616606018,0,10415
43,low_gni_first,0.007081822286639384,0.011423737175319129,0,11242
44,low_gni_first,0.007641055868421749,0.01230568859824427,0,12151
45,low_gni_first,0.00824059862180195,0.013250105630598022,0,13101
46,low_gni_first,0.008889533582060495,0.014261939370196403,0,14105
47,low_gni_first,0.00958961844249114,0.015349682316628073,0,15224
48,low_gni_first,0.010342623665863143,0.016518755073301424,0,16454
49,low_gni_first,0.011149909203677004,0.017780569781087746,0,17802
50,low_gni_first,0.012017081352347653,0.019123810988015084,0,19213
51,low_gni_first,0.012951658012321074,0.020569980417469606,0,20683
52,low_gni_first,0.013952561725297205,0.022101943307605235,0,22283
53,low_gni_first,0.015027861947887909,0.023756736606795496,1,23939
54,low_gni_first,0.01617805931427224,0.025519359335703987,1,25761
55,low_gni_first,0.01742153823287787,0.02741338073185724,1,27822
56,low_gni_first,0.018757528711894168,0.029428732266838453,1,29942
57,low_gni_first,0.020190726468045997,0.03157932194468878,1,32180
58,low_gni_first,0.02172886799407194,0.03386887618505126,1,34673
59,low_gni_first,0.023391004396298987,0.03635341580095011,1,37287
60,low_gni_first,0.02516583365569386,0.038993592531190543,1,40098
61,low_gni_first,0.0270764614357271,0.041801404648400535,1,43143
62,low_gni_first,0.029130213295806548,0.044815681258604516,1,46365
63,low_gni_first,0.031331977756722425,0.04803070458018482,1,49838
64,low_gni_first,0.03370401368447137,0.051473083949503985,1,53532
65,low_gni_first,0.036221959729377536,0.05511894865096162,2,57616
66,low_gni_first,0.03893812054925878,0.05901490180527484,2,61995
67,low_gni_first,0.041851945260806905,0.06318716030066543,2,66693
68,low_gni_first,0.04497672532693497,0.06762661341066502,2,71660
69,low_gni_first,0.048341187137794735,0.0723913994342189,2,77073
70,low_gni_first,0.051947807919928916,0.07748643954670185,2,82949
71,low_gni_first,0.055822772731908415,0.08292331500616462,2,89210
72,low_gni_first,0.05996347873874884,0.0886655810412057,2,95892
73,low_gni_first,0.06439748398382404,0.09479511499169122,2,102933
74,low_gni_first,0.06916027716599431,0.10135746529722779,2,110512
75,low_gni_first,0.07426865370697157,0.1083457530538574,3,118626
76,low_gni_first,0.0797381265895342,0.11582401441565347,3,127300
77,low_gni_first,0.08559227852508831,0.12376809359309252,4,136542
78,low_gni_first,0.09184448222176941,0.1322284473318472,4,146515
79,low_gni_first,0.09856454877053525,0.14126115816941776,4,157491
80,low_gni_first,0.10578280426008917,0.15087413478941722,4,168950
81,low_gni_first,0.11348580919489726,0.1611097609850081,4,181039
82,low_gni_first,0.1217499214687877,0.17204136015181024,4,194148
83,low_gni_first,0.1305726414686863,0.18366679385693663,4,208041
84,low_gni_first,0.14004042602094238,0.19608369165497458,4,223077
85,low_gni_first,0.15019373425755173,0.2093295204924223,4,239253
86,low_gni_first,0.1610630597943818,0.22343340219378616,4,256667
87,low_gni_first,0.17270343354936707,0.2384654971627591,4,275099
88,low_gni_first,0.18513240806426648,0.25443842779580905,7,294739
89,low_gni_first,0.1984495504869139,0.2715044819671788,7,316005
90,low_gni_first,0.21268295198509604,0.28967269072310486,8,338586
91,low_gni_first,0.22793494328263497,0.3090923205908553,8,362886
92,low_gni_first,0.24424905072690956,0.3297687242449123,8,388943
93,low_gni_first,0.2616776957710372,0.35173849747236197,10,416848
94,low_gni_first,0.28029017238905907,0.37506458559914785,11,446286
95,low_gni_first,0.3002043302181705,0.3999880231776731,11,477816
96,low_gni_first,0.3214909141844534,0.4265462188908566,11,511930
97,low_gni_first,0.3442115921894404,0.45479224291434156,11,548191
98,low_gni_first,0.36849487955425525,0.48484495747380907,11,586798
99,low_gni_first,0.3944057013465514,0.516819275466525,11,627967
100,low_gni_first,0.42210356977367103,0.5509116160936406,12,671836
101,low_gni_first,0.4516782998678908,0.5871763564927043,13,718994
102,low_gni_first,0.4832620505500991,0.6257794608382076,13,769013
103,low_gni_first,0.5169327005192261,0.6667636452997128,13,822497
104,low_gni_first,0.5528656681336716,0.7103857891669776,14,879648
105,low_gni_first,0.5912113281523937,0.7568388482291777,14,940832
106,low_gni_first,0.632076577078225,0.8061301722679887,16,1005768
107,low_gni_first,0.6756599404750618,0.8585922601769311,16,1074756
108,low_gni_first,0.7221007166258754,0.914299246323574,17,1148142
109,low_gni_first,0.7715482522327632,0.9734322390409075,18,1226707
110,low_gni_first,0.8241981494505418,1.036248529792932,18,1310871
111,low_gni_first,0.8802470830489322,1.10296764059493,19,1400034
112,low_gni_first,0.9399235362931285,1.1738564455101235,21,1494930
113,low_gni_first,1.0033458099647448,1.2490210026527893,21,1596140
114,low_gni_first,1.0707906719611724,1.3286467674713418,23,1703888
115,low_gni_first,1.1424452476571287,1.413134212448989,23,1817860
116,low_gni_first,1.2186003878074891,1.502667034216144,24,1938944
117,low_gni_first,1.2994311486879346,1.5973453781535802,25,2067684
118,low_gni_first,1.3852423192334977,1.6976830884042122,26,2203816
119,low_gni_first,1.4694773339059195,1.7960727238249639,28,2337639
120,low_gni_first,1.552073836956579,1.892371339952099,29,2469359
121,low_gni_first,1.6331237839643016,1.9867622452597065,29,2597938
122,low_gni_first,1.7127099585015808,2.0793728321182785,32,2724378
123,low_gni_first,1.790712881009732,2.1700298859379856,34,2848616
124,low_gni_first,1.8672718565467732,2.2588445486543245,35,2970302
125,low_gni_first,1.9424420518082477,2.346021632691884,36,3089156
126,low_gni_first,2.016075081011103,2.43135676353054,37,3206305
127,low_gni_first,2.0883595273263853,2.514929017276801,38,3320915
128,low_gni_first,2.1592639641590923,2.596923121045275,38,3433615
129,low_gni_first,2.2287692643140593,2.6770847676612917,39,3543933
130,low_gni_first,2.296940272954876,2.7557097977776204,41,3651990
131,low_gni_first,2.3638180279437435,2.832623751671903,41,3758134
132,low_gni_first,2.4346042570089703,2.9138779446384637,41,3870385
133,low_gni_first,2.509580827007164,2.999733834629991,42,3989324
134,low_gni_first,2.588844971509971,3.090285105632439,42,4114996
135,low_gni_first,2.6727289672253343,3.1858474494300197,43,4248262
136,low_gni_first,2.7615143135194335,3.2865873606611227,44,4389389
137,low_gni_first,2.848427425328071,3.385145360633789,47,4526946
138,low_gni_first,2.933683089349324,3.4817422177436064,47,4661997
139,low_gni_first,3.017218401753038,3.576244937095763,47,4794970
140,low_gni_first,3.0991257490213764,3.668729658577419,48,4924957
141,low_gni_first,3.179384907526296,3.759154203234451,48,5052597
142,low_gni_first,3.2580340656717484,3.8477197556940332,49,5177942
143,low_gni_first,3.335084511477495,3.9344543521881272,49,5299995
144,low_gni_first,3.4106117584017053,4.019362945648249,49,5419826
145,low_gni_first,3.484549288751453,4.102415852834289,49,5536668
146,low_gni_first,3.5569834228204624,4.183577696429035,50,5651781
147,low_gni_first,3.627930448154683,4.263064372551901,50,5764189
148,low_gni_first,3.697496793668892,4.340915352705823,51,5874553
149,low_gni_first,3.7656879803105707,4.417135487271868,51,5982577
150,low_gni_first,3.832421203769423,4.491627468152106,53,6088753
151,low_gni_first,3.902968723021561,4.570162191106725,53,6200660
152,low_gni_first,3.9774934688695947,4.652789897952884,53,6318924
153,low_gni_first,4.056156236877733,4.739736379887456,54,6443841
154,low_gni_first,4.13926945991514,4.83140174590586,54,6575671
155,low_gni_first,4.2269924813619255,4.927771142329932,54,6714484
156,low_gni_first,4.312891293119262,5.022147609921921,54,6850677
157,low_gni_first,4.3970086507912685,5.114431203649491,54,6984112
158,low_gni_first,4.47935721388158,5.204634547553039,56,7114967
159,low_gni_first,4.5599805737959045,5.2928482168542175,56,7243396
160,low_gni_first,4.639000945367581,5.379198822987042,56,7368621
161,low_gni_first,4.716376581090955,5.463627398075824,56,7491079
162,low_gni_first,4.792165008405221,5.546237677000435,56,7611547
163,low_gni_first,4.866297012222803,5.626951491249389,56,7729027
164,low_gni_first,4.938945652226478,5.705936286352182,56,7844644
165,low_gni_first,5.0101188420271034,5.78331005676717,56,7957169
166,low_gni_first,5.079781015563443,5.859032182252637,56,8068042
167,low_gni_first,5.147985916177974,5.93291312194762,57,8176938
168,low_gni_first,5.214797432136345,6.005284958607047,57,8283636
169,low_gni_first,5.285323662354815,6.081388189074853,57,8395504
170,low_gni_first,5.359725974535294,6.161450574973995,57,8513347
171,low_gni_first,5.4382185475500675,6.245890099764256,58,8638163
172,low_gni_first,5.520980743745099,6.334550652046621,58,8769562
173,low_gni_first,5.6082363802306645,6.427806343957401,58,8908774
174,low_gni_first,5.693703359506166,6.518997506505407,58,9044608
175,low_gni_first,5.777373061710893,6.608247549040376,58,9176992
176,low_gni_first,5.859359778226641,6.695704413006894,58,9307444
177,low_gni_first,5.939586023275091,6.7811016618084645,58,9434260
178,low_gni_first,6.018098141846394,6.864506243427131,59,9558645
179,low_gni_first,6.094926388718333,6.946129141260391,59,9680886
180,low_gni_first,6.170227151289229,7.0261183865460195,59,9800203
181,low_gni_first,6.243936815073662,7.10436919890871,59,9917457
182,low_gni_first,6.316056348191608,7.1807344806182085,59,10032023
183,low_gni_first,6.386589701679359,7.255361031034752,59,10144024
184,low_gni_first,6.455683011204339,7.328416270995783,59,10253766
185,low_gni_first,6.523307206057126,7.399864101008794,59,10361087
186,low_gni_first,6.589493276099844,7.46974529635285,59,10465820
187,low_gni_first,6.659318623642844,7.543258690721687,60,10576515
188,low_gni_first,6.732957312314462,7.62064396813366,60,10693658
189,low_gni_first,6.810550416506947,7.702041284062047,60,10816479
190,low_gni_first,6.892352568144942,7.787745636188175,60,10946391
191,low_gni_first,6.978605855762174,7.877914502243991,60,11083504
192,low_gni_first,7.062932782895196,7.966073831188326,60,11216974
193,low_gni_first,7.145555405190236,8.052352914054888,60,11347690
194,low_gni_first,7.226371254272108,8.136665831107772,60,11476414
195,low_gni_first,7.30553061788415,8.219206026184127,60,11601914
196,low_gni_first,7.383003844378838,8.299905461550003,60,11724760
197,low_gni_first,7.458787835384477,8.378801849690081,60,11844982
198,low_gni_first,7.533010606191,8.456071077864863,60,11962212
199,low_gni_first,7.605598794425324,8.531565962176225,60,12077220
200,low_gni_first,7.676698083421395,8.605484661519881,60,12190129
201,low_gni_first,7.7462264145604856,8.677741510573211,60,12300801
202,low_gni_first,7.8142529233952605,8.748450895263321,60,12408267
203,low_gni_first,7.880877619210972,8.81760395670471,60,12514245
204,low_gni_first,7.95115189639902,8.890399487310175,60,12626030
205,low_gni_first,8.025189030825995,8.967048943737773,60,12743419
206,low_gni_first,8.10319500489915,9.04763733841257,60,12866754
207,low_gni_first,8.185468785264767,9.1326423304311,61,12996895
208,low_gni_first,8.27209783446669,9.22198013511576,61,13133982
209,low_gni_first,8.356925699804405,9.309449605265417,61,13268375
210,low_gni_first,8.439922798397449,9.395028954250254,61,13399673
211,low_gni_first,8.521145296677023,9.47874010310375,61,13528655
212,low_gni_first,8.600635571697755,9.56047686329295,61,13654297
213,low_gni_first,8.678438190708674,9.640503470524122,61,13777236
214,low_gni_first,8.754563848001755,9.718854730218682,61,13898199
215,low_gni_first,8.829007754374912,9.79539989466196,61,14016472
216,low_gni_first,8.901868917605317,9.870366390122756,61,14131678
217,low_gni_first,8.973206347654903,9.94371632336838,61,14244725
218,low_gni_first,9.042998848567647,10.015467780496586,61,14355587
219,low_gni_first,9.111293606227575,10.085615742797547,61,14463934
220,low_gni_first,9.178083473850364,10.154180511690337,61,14569853
221,low_gni_first,9.248497374674205,10.226460020251062,62,14681327
222,low_gni_first,9.322678446124018,10.302520547979649,63,14798498
223,low_gni_first,9.400784092000501,10.382653460198105,63,14922684
224,low_gni_first,9.483061703562386,10.466931605563015,63,15052792
225,low_gni_first,9.56974903275624,10.55559615880402,63,15190037
226,low_gni_first,9.654601285674474,10.642484063883211,63,15324411
227,low_gni_first,9.737550743439705,10.72733975769949,63,15455715
228,low_gni_first,9.818760433358882,10.810454019262599,63,15584788
229,low_gni_first,9.898214949629319,10.891732418890925,63,15710607
230,low_gni_first,9.975951620673662,10.97130220390223,63,15834226
231,low_gni_first,10.05205376708929,11.049093136452235,63,15954838
232,low_gni_first,10.126445384354007,11.12518262722594,63,16071886
233,low_gni_first,10.199271933006381,11.199658819620609,63,16187113
234,low_gni_first,10.270477120988433,11.272524809632767,63,16299747
235,low_gni_first,10.340125968339104,11.3437078011312,63,16410267
236,low_gni_first,10.40832415170301,11.413359874392576,63,16517841
237,low_gni_first,10.47500649938112,11.481484317414932,63,16623572
238,low_gni_first,10.545204563327385,11.55323904299247,63,16734337
239,low_gni_first,10.619199828962156,11.628734231662857,63,16852269
240,low_gni_first,10.697104212905092,11.708249209183547,63,16975651
241,low_gni_first,10.779124077917515,11.79198174919218,63,17105068
242,low_gni_first,10.865477402813818,11.880113623820371,63,17241768
243,low_gni_first,10.949970665985296,11.966360624977561,63,17375446
244,low_gni_first,11.032681329417704,12.050856742013465,63,17506515
245,low_gni_first,11.113521381315863,12.13344859361644,63,17634765
246,low_gni_first,11.192667860592506,12.214300245242525,63,17760164
247,low_gni_first,11.27010684913524,12.293336772585343,63,17882479
248,low_gni_first,11.345796915944222,12.370619697347127,63,18002128
249,low_gni_first,11.419872296794496,12.446226792781166,63,18119894
250,low_gni_first,11.492331823053618,12.520199536337818,63,18234672
251,low_gni_first,11.563199964284586,12.592621539378216,63,18347084
252,low_gni_first,11.632527040241044,12.663436041484655,63,18456936
253,low_gni_first,11.700352764899177,12.732768501304138,63,18564490
254,low_gni_first,11.766671753906587,12.800501363834679,63,18669872
255,low_gni_first,11.83648029328211,12.871832820007262,63,18780513
256,low_gni_first,11.910037912723944,12.946865924277887,63,18896658
257,low_gni_first,11.987435818444428,13.025930212712195,63,19019056
258,low_gni_first,12.068885395328865,13.1091522107731,63,19148129
259,low_gni_first,12.154600883817167,13.196753277898809,63,19284044
260,low_gni_first,12.23840734649744,13.28249484605792,63,19416323
261,low_gni_first,12.320468447041474,13.366421527994836,63,19546159
262,low_gni_first,12.4007458269764,13.44851182218764,63,19672652
263,low_gni_first,12.47925609759647,13.5288649235171,63,19797135
264,low_gni_first,12.556028478262705,13.607430145939729,63,19918454
265,low_gni_first,12.631092050754745,13.684235414521257,63,20036820
266,low_gni_first,12.704521348003802,13.75939908276772,63,20153157
267,low_gni_first,12.776353462353054,13.83289671987697,63,20266580
268,low_gni_first,12.846646863579283,13.90488606568143,63,20377349
269,low_gni_first,12.915342551803892,13.975175917223213,63,20485494
270,low_gni_first,12.98250495656803,14.043945422470234,63,20591943
271,low_gni_first,13.053201945418975,14.116455882458332,63,20703725
272,low_gni_first,13.127673033614771,14.192743350147106,63,20821051
273,low_gni_first,13.206022365520377,14.273052825767733,63,20944946
274,low_gni_first,13.288396373502172,14.357515926495044,63,21075428
275,low_gni_first,13.375136497624089,14.446585638851321,63,21212909
276,low_gni_first,13.45992401954939,14.533565453589386,63,21346051
277,low_gni_first,13.542871822789413,14.618781885604024,63,21477576
278,low_gni_first,13.623978802386075,14.702099545138122,63,21606151
279,low_gni_first,13.703320425576793,14.783658544441307,63,21731487
280,low_gni_first,13.780922278329706,14.863410428845528,63,21854775
281,low_gni_first,13.856761918814676,14.941344125716041,63,21974787
282,low_gni_first,13.930949873721076,15.01762469922072,63,22091966
283,low_gni_first,14.003449907967127,15.092092448547824,63,22207074
284,low_gni_first,14.07443060496224,15.165103995201076,63,22319631
285,low_gni_first,14.143832512080015,15.236508698638124,63,22429557
286,low_gni_first,14.211694237545071,15.30630724478633,63,22536482
287,low_gni_first,14.278062065336352,15.374578015011313,63,22641900
288,low_gni_first,14.347870687654423,15.446462366687145,63,22752318
289,low_gni_first,14.421304265228061,15.522041161561898,63,22868561
290,low_gni_first,14.498545111638279,15.601599244931833,63,22990771
291,low_gni_first,14.579851822960933,15.685422413387741,63,23119109
292,low_gni_first,14.665412638297324,15.773726326730676,63,23255283
293,low_gni_first,14.749003379111755,15.859918386869404,63,23387548
294,low_gni_first,14.830703167343232,15.944265814493722,63,23517316
295,low_gni_first,14.910626938349495,16.026693115235414,63,23643764
296,low_gni_first,14.988817540420806,16.107402815227612,63,23767322
297,low_gni_first,15.065367168797613,16.186479629786543,63,23888087
298,low_gni_first,15.140103313578555,16.263684089388114,63,24005504
299,low_gni_first,15.213169797814656,16.339236306075485,63,24120381
300,low_gni_first,15.284680979073958,16.413086116031042,63,24233474
301,low_gni_first,15.354535928928415,16.48532215140981,63,24344376
302,low_gni_first,15.42287614313069,16.556046760463776,63,24451990
303,low_gni_first,15.48968611530972,16.625153715560977,63,24557541
304,low_gni_first,15.560023314903033,16.697991740722273,63,24668229
305,low_gni_first,15.63393057348186,16.774445909854737,63,24784735
306,low_gni_first,15.711693122709608,16.854957658570886,63,24907637
307,low_gni_first,15.793419154249579,16.939635617571106,63,25036771
308,low_gni_first,15.879427476913982,17.028793756152123,63,25172651
309,low_gni_first,15.963437028364288,17.11584669731099,63,25305223
310,low_gni_first,16.045639253190508,17.201080458006693,63,25435000
311,low_gni_first,16.12597639260844,17.284380908144588,63,25562103
312,low_gni_first,16.204650905396964,17.365906257101017,63,25686105
313,low_gni_first,16.281467080625834,17.44558421518294,63,25807723
314,low_gni_first,16.35659267148807,17.523560574129455,63,25926375
315,low_gni_first,16.430098773234786,17.59985197290743,63,26042870
316,low_gni_first,16.50198401713802,17.674465861589734,63,26155942
317,low_gni_first,16.57218623832664,17.7473326979506,63,26266916
318,low_gni_first,16.640803526163182,17.81855735956696,63,26375077
319,low_gni_first,16.70796293048861,17.888316253600497,63,26480997
320,low_gni_first,16.778537343683624,17.961594726740696,63,26592596
321,low_gni_first,16.852788376942417,18.038741111351797,63,26709641
322,low_gni_first,16.930905593496565,18.119997741424392,63,26832700
323,low_gni_first,17.01299542069991,18.205381026421218,63,26962130
324,low_gni_first,17.09928705643044,18.295136281472516,63,27098576
325,low_gni_first,17.183678670880226,18.382918927647438,63,27232247
326,low_gni_first,17.266163039029117,18.468846381215602,63,27362717
327,low_gni_first,17.346849226328317,18.552796250625924,63,27490256
328,low_gni_first,17.42573248461412,18.63486683616721,63,27614492
329,low_gni_first,17.502872512313306,18.715193814563804,63,27736324
330,low_gni_first,17.57826762931272,18.793839005638265,63,27855709
331,low_gni_first,17.651990024810143,18.870542525590977,63,27972758
332,low_gni_first,17.72406102603272,18.945729192918563,63,28086317
333,low_gni_first,17.79449698706428,19.01916783715334,63,28197287
334,low_gni_first,17.86333749592391,19.090881719419148,63,28305906
335,low_gni_first,17.93072677109853,19.161122607153672,63,28412579
336,low_gni_first,18.001523720538128,19.23491262421447,63,28524239
337,low_gni_first,18.075955171350408,19.312573755025102,63,28641471
338,low_gni_first,18.15424330626371,19.3942882248192,63,28765794
339,low_gni_first,18.23659252948861,19.480236115705186,63,28895632
340,low_gni_first,18.323105989014756,19.570503536750675,63,29032059
341,low_gni_first,18.407713535172693,19.658772993539163,63,29165361
342,low_gni_first,18.49045741552718,19.745136772250834,63,29296221
343,low_gni_first,18.571348820342347,19.829494740563927,63,29423117
344,low_gni_first,18.650433743536812,19.912003981656703,63,29547841
345,low_gni_first,18.727739567252065,19.99271845864579,63,29669625
346,low_gni_first,18.803276562374776,20.07159811474339,63,29789133
347,low_gni_first,18.877150143895737,20.14872690090141,63,29905665
348,low_gni_first,18.949353035879593,20.223976081803926,63,30019635
349,low_gni_first,19.020142410312655,20.29758966188262,63,30131450
350,low_gni_first,19.090474576468466,20.369663927360037,63,30240417
351,low_gni_first,19.170809968617938,20.440358441108856,63,30346352
352,low_gni_first,19.252190451146436,20.509574329383994,63,30449956
353,low_gni_first,19.339913065440165,20.582422680836387,64,30559304
354,low_gni_first,19.431161000881872,20.658926409147682,64,30674361
355,low_gni_first,19.526000827120708,20.739413119024942,64,30795333
356,low_gni_first,19.627929358815564,20.824042495337363,64,30922715
357,low_gni_first,19.737292796544267,20.913017013004804,64,31056267
358,low_gni_first,19.848712416026128,21.00013192527372,65,31186913
359,low_gni_first,19.959083564450573,21.08526032477886,65,31315076
360,low_gni_first,20.06533407591437,21.168553472508524,65,31440473
361,low_gni_first,20.169793766799,21.25003962478499,65,31562282
362,low_gni_first,20.27349604968562,21.32976671686621,65,31681318
363,low_gni_first,20.37994096638149,21.40786729431842,66,31797757
364,low_gni_first,20.48983927022385,21.484454693270827,66,31911577
365,low_gni_first,20.603327494456245,21.55972582472927,66,32023037
366,low_gni_first,20.717293556051718,21.63352850556108,66,32132151
367,low_gni_first,20.832320196104135,21.705835868074857,66,32238959
368,low_gni_first,20.95014360676982,21.776761220732865,67,32342640
369,low_gni_first,21.073662890313027,21.851250084618314,67,32452208
370,low_gni_first,21.20586229315487,21.929718133255918,67,32567229
371,low_gni_first,21.34917678586207,22.012342800478116,67,32687480
372,low_gni_first,21.501057432808828,22.099218141396495,67,32814333
373,low_gni_first,21.66621646412466,22.190695954775357,67,32947878
374,low_gni_first,21.840269232296944,22.280531324892692,67,33077665
375,low_gni_first,22.016377168347972,22.368706354172655,67,33204984
376,low_gni_first,22.189776767304146,22.454856339540104,68,33329535
377,low_gni_first,22.373215691210508,22.53957994345718,68,33451230
378,low_gni_first,22.55918465359772,22.622672575537475,68,33570185
379,low_gni_first,22.750176732200682,22.704412445714286,70,33686219
380,low_gni_first,22.96111484082002,22.785447035992515,71,33799881
381,low_gni_first,23.17737387508483,22.86528530038875,71,33910453
382,low_gni_first,23.40161682795604,22.94385517571214,72,34018805
383,low_gni_first,23.62267339785218,23.020817409270826,72,34124624
384,low_gni_first,23.853415625485265,23.102021740944355,74,34235637
385,low_gni_first,24.095864555877725,23.187625221371245,74,34352329
386,low_gni_first,24.349757155116755,23.277441825661793,76,34474665
387,low_gni_first,24.615686132297913,23.373319654117616,78,34602632
388,low_gni_first,24.895397713398136,23.47528833762877,80,34737476
389,low_gni_first,25.18088595872328,23.575962802367663,81,34868918
390,low_gni_first,25.46954900011083,23.675029707361535,83,34997745
391,low_gni_first,25.76749707866956,23.774146647178004,84,35122832
392,low_gni_first,26.071243891095225,23.872654716878074,84,35246030
393,low_gni_first,26.376115127877007,23.969453166770855,84,35365696
394,low_gni_first,26.679847146725503,24.064530487579592,85,35482624
395,low_gni_first,26.983400196904554,24.157876694530945,85,35596848
396,low_gni_first,27.282017089115794,24.249852578919125,86,35708382
397,low_gni_first,27.573825593470797,24.341100338307903,87,35817251
398,low_gni_first,27.872679734145105,24.433180994610062,88,35923543
399,low_gni_first,28.17951515785702,24.524588473861794,89,36027597
400,low_gni_first,28.510366598510966,24.6214813964262,90,36136373
401,low_gni_first,28.858741346888557,24.725516048372285,94,36249955
402,low_gni_first,29.222482991323364,24.837730329048114,96,36369769
403,low_gni_first,29.601515597763104,24.957127524510913,97,36494757
404,low_gni_first,29.991793458127106,25.081550527855363,99,36626567
405,low_gni_first,30.384266166584993,25.21173139901742,102,36764675
406,low_gni_first,30.774633507541278,25.340853866623828,103,36899776
407,low_gni_first,31.15628852855248,25.46749669358457,103,37030999
408,low_gni_first,31.532663533875613,25.59161698770976,103,37159360
409,low_gni_first,31.91073649833485,25.71425612017614,103,37284797
410,low_gni_first,32.28378585738061,25.83441939938627,103,37407113
411,low_gni_first,32.65387490768701,25.952553397118315,104,37526069
412,low_gni_first,33.01583255982347,26.06780631349194,104,37642729
413,low_gni_first,33.3729314857007,26.18348780213889,106,37756244
414,low_gni_first,33.7307980369683,26.300804051536986,107,37866648
415,low_gni_first,34.092462069190056,26.418102320064296,108,37973958
416,low_gni_first,34.44823120414363,26.53543247413666,111,38079271
417,low_gni_first,34.80678596317414,26.659133649276868,111,38189180
418,low_gni_first,35.16810110050421,26.78620932425535,111,38304036
419,low_gni_first,35.53418150908342,26.917078091107786,112,38424453
420,low_gni_first,35.90770945353781,27.052243986423026,112,38549816
421,low_gni_first,36.2902527196804,27.19234988433495,112,38681446
422,low_gni_first,36.68474417986888,27.33834253208798,113,38818904
423,low_gni_first,37.08790778330384,27.483978608896816,113,38952657
424,low_gni_first,37.49864190497422,27.62927223319756,113,39082265
425,low_gni_first,37.90930858739177,27.772677405010853,114,39210096
426,low_gni_first,38.33075557861069,27.9162541547948,114,39333712
427,low_gni_first,38.764261207392146,28.06077912247621,114,39454357
428,low_gni_first,39.21020734213642,28.208567440993015,114,39572366
429,low_gni_first,39.66921205197246,28.356989087994343,114,39686554
430,low_gni_first,40.14015991631223,28.506082702727397,114,39798023
431,low_gni_first,40.62337930191026,28.655962643291794,114,39906318
432,low_gni_first,41.10988083266682,28.804926469359824,114,40011817
433,low_gni_first,41.61516215390954,28.960028579258914,114,40121936
434,low_gni_first,42.13415159280917,29.12053397560856,114,40235996
435,low_gni_first,42.66604686231626,29.286164448060028,114,40353893
436,low_gni_first,43.19859845774864,29.454986380419705,114,40476418
437,low_gni_first,43.74429719758259,29.62938861028876,114,40602799
438,low_gni_first,44.29906363684762,29.808702790423567,114,40733495
439,low_gni_first,44.86008651093024,29.992422359232584,114,40869196
440,low_gni_first,45.43757818444555,30.17719137355074,114,41000254
441,low_gni_first,46.02739926109381,30.362400308129267,114,41127844
442,low_gni_first,46.625758996721416,30.547199342852338,114,41251274
443,low_gni_first,47.23766233034827,30.73250444991646,114,41370873
444,low_gni_first,47.86077847967956,30.918206001930592,114,41486407
445,low_gni_first,48.49415187417616,31.103927248976387,114,41598532
446,low_gni_first,49.145670883675045,31.291277955965267,114,41706510
447,low_gni_first,49.80620899624883,31.47850592020419,115,41810541
448,low_gni_first,50.479819464796265,31.67102880328292,115,41917936
449,low_gni_first,51.17735441016066,31.87080761014535,115,42027623
450,low_gni_first,51.919213372788285,32.081790980793365,115,42139425
451,low_gni_first,52.70805188584994,32.304451140256404,115,42253428
452,low_gni_first,53.53121124096034,32.536837127674495,115,42370167
453,low_gni_first,54.370156982355475,32.77551597677107,115,42490002
454,low_gni_first,55.213956337158834,33.02958152973361,121,42612445
455,low_gni_first,56.07734513755307,33.312174324787414,123,42737718
456,low_gni_first,56.96779615317879,33.63373728227296,124,42866414
457,low_gni_first,57.88997953701208,33.98767511439597,129,42998265
458,low_gni_first,58.81300404218667,34.378700440311825,134,43133248
459,low_gni_first,59.718245749803295,34.77439127766651,137,43264357
460,low_gni_first,60.6247184816087,35.17681024904939,138,43391335
461,low_gni_first,61.536076373378165,35.57898678590857,139,43514453
462,low_gni_first,62.458884572889026,35.985856563502814,140,43633086
463,low_gni_first,63.38490111084917,36.473539672002346,150,43748285
464,low_gni_first,64.31906281650029,37.01078327510496,154,43859144
465,low_gni_first,65.27495567529621,37.60255617733607,162,43966371
466,low_gni_first,66.25257931967434,38.26852616276034,169,44070366
467,low_gni_first,67.24067200966064,39.08309795827767,173,44176378
468,low_gni_first,68.25743903301117,39.93854611295334,174,44285101
469,low_gni_first,69.27774029590131,40.81923616363312,176,44395263
470,low_gni_first,70.29512168099235,41.7140716576636,177,44508216
471,low_gni_first,71.28077291433551,42.64631070540499,177,44623403
472,low_gni_first,72.23969956576465,43.56097048235757,177,44740862
473,low_gni_first,73.18383594879397,44.46439071394591,177,44860250
474,low_gni_first,74.11307469460542,45.356225834816094,177,44981522
475,low_gni_first,75.0212555405608,46.230948195358685,177,45102655
476,low_gni_first,75.91737664902722,47.096806103333456,177,45224190
477,low_gni_first,76.81033275217348,47.961845873548036,177,45345642
478,low_gni_first,77.72665409767542,48.85011754578577,177,45465660
479,low_gni_first,78.65102028822247,49.74787929988599,177,45584204
480,low_gni_first,79.58420212533625,50.6556492117054,177,45700522
481,low_gni_first,80.536769522329,51.58311658294344,178,45815138
482,low_gni_first,81.50746800469719,52.52922380135326,178,45927032
483,low_gni_first,82.51231294801661,53.508395787322826,178,46034832
484,low_gni_first,83.55756633501328,54.526412198986556,178,46139051
485,low_gni_first,84.62099657640715,55.57807964391261,179,46238931
486,low_gni_first,85.72924655737184,56.735239804578995,180,46335323
487,low_gni_first,86.83138522724961,58.03332828247482,188,46427945
488,low_gni_first,87.92369055492291,60.12473128910786,206,46517220
489,low_gni_first,88.99690375900815,63.11575982428495,210,46602787
490,low_gni_first,90.04854295425267,66.74269202588111,212,46684939
491,low_gni_first,91.07414683288339,70.46942668159882,213,46763068
492,low_gni_first,92.0961453734926,74.44077621432123,219,46838089
493,low_gni_first,93.11374207954188,78.8834665968232,225,46909650
494,low_gni_first,94.17188702843136,84.76522229110236,228,46978437
495,low_gni_first,95.24401617438664,90.82254626274349,229,47044319
496,low_gni_first,96.00110402792139,95.24715811017151,235,47105220
497,low_gni_first,96.03781067898284,95.35486888157203,235,47161910
498,low_gni_first,96.07188603392717,95.45481714853965,235,47214435
499,low_gni_first,96.10351484636905,95.54766757455414,235,47263584
500,low_gni_first,96.13295169781246,95.63408551335247,235,47309241
501,low_gni_first,96.16023607497335,95.71413276546494,235,47351867
502,low_gni_first,96.1855818475834,95.78862839813765,235,47391027
503,low_gni_first,96.20915270671495,95.85784842831923,235,47427653
504,low_gni_first,96.23103820827185,95.92204295166238,235,47461667
505,low_gni_first,96.25134351477749,95.98163673925251,235,47492837
506,low_gni_first,96.2702128871737,96.03704717534967,235,47522490
507,low_gni_first,96.2877184174087,96.08845019413535,235,47549541
508,low_gni_first,96.3039700871016,96.1362330018542,235,47574910
509,low_gni_first,96.31905198242188,96.18050752797829,235,47598703
510,low_gni_first,96.33306046043438,96.2216270057187,235,47620470
511,low_gni_first,96.3460643848894,96.25979487661664,235,47640470
512,low_gni_first,96.3581533229251,96.29529819911444,235,47659000
513,low_gni_first,96.36935644406435,96.32816786422764,235,47676450
514,low_gni_first,96.37977269270046,96.35878848385599,235,47692871
515,low_gni_first,96.38944558329916,96.38719341307484,235,47707825
516,low_gni_first,96.39842977641342,96.41356946514043,235,47721913
517,low_gni_first,96.40676276460371,96.43802424234818,235,47734854
518,low_gni_first,96.41449704477776,96.46077093719059,235,47746885
519,low_gni_first,96.42167907197646,96.48186490734729,235,47758053
520,low_gni_first,96.42836315300357,96.50152819978965,235,47768427
521,low_gni_first,96.4345725541966,96.51979990016075,235,47778210
522,low_gni_first,96.44034816999239,96.53677407567632,235,47787308
523,low_gni_first,96.44568146631335,96.55242294776144,235,47795690
524,low_gni_first,96.45064623872821,96.56702029335013,235,47803295
525,low_gni_first,96.45526021497214,96.58061042472694,235,47810502
526,low_gni_first,96.45954382906937,96.59317868669197,235,47817222
527,low_gni_first,96.46353260791548,96.60489431865018,235,47823444
528,low_gni_first,96.46722354121172,96.6157451697725,235,47829114
529,low_gni_first,96.47065498652523,96.62586397859485,235,47834355
530,low_gni_first,96.47383353255866,96.63521442650008,235,47839266
531,low_gni_first,96.47679168162456,96.64393717781955,235,47843790
532,low_gni_first,96.4795336633782,96.65198019354212,235,47848105
533,low_gni_first,96.48207306645118,96.65944193033174,235,47852076
534,low_gni_first,96.48443704964737,96.6663817997795,235,47855816
535,low_gni_first,96.4866325468498,96.67283560397173,235,47859177
536,low_gni_first,96.48866943548549,96.67882290403794,235,47862380
537,low_gni_first,96.49056100584832,96.6843607938282,235,47865265
538,low_gni_first,96.4923279190656,96.6895480553717,235,47868042
539,low_gni_first,96.49395773415876,96.69434356601691,235,47870505
540,low_gni_first,96.49547309780111,96.6987851704532,235,47872841
541,low_gni_first,96.49688055640355,96.70291282671519,235,47875074
542,low_gni_first,96.49818485270467,96.70673956796612,235,47877049
543,low_gni_first,96.49940843436676,96.71033259457764,235,47878994
544,low_gni_first,96.50053674157502,96.713663384245,235,47880707
545,low_gni_first,96.50157621540184,96.71671759036082,235,47882331
546,low_gni_first,96.50255300422256,96.7195901969286,235,47883846
547,low_gni_first,96.50345323913794,96.72223869562868,235,47885235
548,low_gni_first,96.50429931572754,96.72471801151234,235,47886556
549,low_gni_first,96.5050806426594,96.72701839596704,235,47887766
550,low_gni_first,96.5058038991899,96.72914472676464,235,47888881
551,low_gni_first,96.50647538782299,96.73111336991205,235,47889951
552,low_gni_first,96.50709531809892,96.73292824239216,235,47890912
553,low_gni_first,96.50767597841791,96.73462693569871,235,47891822
554,low_gni_first,96.50821471339732,96.73621234241034,235,47892644
555,low_gni_first,96.50871298087974,96.73767209188338,235,47893437
556,low_gni_first,96.50917651277841,96.73903650179233,235,47894171
557,low_gni_first,96.509605518468,96.74029747891754,235,47894811
558,low_gni_first,96.51000398074028,96.74146600387307,235,47895456
559,low_gni_first,96.51037700366489,96.74255294610678,235,47896037
560,low_gni_first,96.51072483368395,96.74357589194553,235,47896580
561,low_gni_first,96.51104470404098,96.74451804921706,235,47897066
562,low_gni_first,96.51133948788998,96.74538654552323,235,47897507
563,low_gni_first,96.51161624851113,96.74619336716529,235,47897955
564,low_gni_first,96.51186997489219,96.74693898645386,235,47898301
565,low_gni_first,96.51211004106878,96.74764365861505,235,47898654
566,low_gni_first,96.51232887521743,96.74828699375055,235,47899002
567,low_gni_first,96.51253485187551,96.74889673658025,235,47899323
568,low_gni_first,96.51272308250647,96.74944263586664,235,47899580
569,low_gni_first,96.51289772871654,96.74995049937277,235,47899819
570,low_gni_first,96.51306142532609,96.75042487147141,235,47900094
571,low_gni_first,96.51321319878814,96.75087328616044,235,47900331
572,low_gni_first,96.51335610675086,96.75128445038065,235,47900591
573,low_gni_first,96.51349002806784,96.75167616339256,235,47900799
574,low_gni_first,96.51361167185289,96.75203194298432,235,47900982
575,low_gni_first,96.51372445252781,96.75236794679049,235,47901154
576,low_gni_first,96.51383031520889,96.7526767128265,235,47901324
577,low_gni_first,96.5139285535339,96.75296982541767,235,47901484
578,low_gni_first,96.514019338011,96.7532377937902,235,47901628
579,low_gni_first,96.51410455326476,96.75349248000447,235,47901756
580,low_gni_first,96.51418301082217,96.75372568424336,235,47901870
581,low_gni_first,96.51425561233005,96.75394085448782,235,47902003
582,low_gni_first,96.51432235986844,96.75413833482085,235,47902093
583,low_gni_first,96.51438600939362,96.75432622634546,235,47902183
584,low_gni_first,96.51444609215388,96.75450380773499,235,47902282
585,low_gni_first,96.51450117711714,96.75466694041026,235,47902386
586,low_gni_first,96.5145510472293,96.7548100322061,235,47902461
587,low_gni_first,96.51459841491335,96.75494908484998,235,47902532
588,low_gni_first,96.51464234986486,96.75507584718753,235,47902601
589,low_gni_first,96.51468328210984,96.75519755596645,235,47902659
590,low_gni_first,96.51472004224425,96.75530569614072,235,47902723
591,low_gni_first,96.51475512487607,96.75540887243878,235,47902757
592,low_gni_first,96.5147880174415,96.75550337579118,235,47902810
593,low_gni_first,96.51481766473955,96.75559258266414,235,47902846
594,low_gni_first,96.51484614668324,96.75567570926567,235,47902890
595,low_gni_first,96.51487248808286,96.75575248658146,235,47902929
596,low_gni_first,96.5148964307704,96.75582312566125,235,47902963
597,low_gni_first,96.51491866954986,96.75588839603658,235,47902997
598,low_gni_first,96.5149393651702,96.75594800608718,235,47903018
599,low_gni_first,96.51495848101784,96.75600447828437,235,47903050
600,low_gni_first,96.51497659270987,96.75605672853098,235,47903076
601,low_gni_first,96.5149929608688,96.75610463025532,235,47903104
602,low_gni_first,96.5150075134425,96.75614702026753,235,47903122
603,low_gni_first,96.51502205085862,96.75618998399133,235,47903145
604,low_gni_first,96.51503545368547,96.75622940332813,235,47903165
605,low_gni_first,96.51504760439794,96.75626572330812,235,47903185
606,low_gni_first,96.51505981965245,96.7563022568622,235,47903205
607,low_gni_first,96.51507091457562,96.75633479361395,235,47903219
608,low_gni_first,96.51508087176053,96.75636482493414,235,47903237
609,low_gni_first,96.51508970726452,96.75638973542034,235,47903252
610,low_gni_first,96.51509863447686,96.75641566492092,235,47903264
611,low_gni_first,96.51510650275085,96.75643882429848,235,47903277
612,low_gni_first,96.51511366106304,96.75646169671454,235,47903290
613,low_gni_first,96.5151206418066,96.75648351470886,235,47903296
614,low_gni_first,96.51512692459708,96.75650093934605,235,47903304
615,low_gni_first,96.5151327440348,96.75651905252754,235,47903309
616,low_gni_first,96.51513821449598,96.75653517249448,235,47903315
617,low_gni_first,96.51514296163711,96.75654904337115,235,47903322
618,low_gni_first,96.51514751740149,96.75656285848054,235,47903324
619,low_gni_first,96.51515216217513,96.7565768815255,235,47903329
620,low_gni_first,96.51515621001366,96.75658862642769,235,47903341
621,low_gni_first,96.51515973130697,96.7565993190417,235,47903347
622,low_gni_first,96.5151633696755,96.7566096899622,235,47903351
623,low_gni_first,96.5151667365179,96.75661919007713,235,47903356
624,low_gni_first,96.51516990748516,96.75662818407308,235,47903366
625,low_gni_first,96.51517262935755,96.75663633046511,235,47903370
626,low_gni_first,96.51517486071086,96.75664266046789,235,47903374
627,low_gni_first,96.5151774005162,96.75665055089993,235,47903381
628,low_gni_first,96.51517932386733,96.75665567258153,235,47903381
629,low_gni_first,96.51518123251071,96.75666136925655,235,47903385
630,low_gni_first,96.51518329560504,96.75666676718568,235,47903390
631,low_gni_first,96.51518534669064,96.75667274657958,235,47903393
632,low_gni_first,96.51518688234005,96.75667774564916,235,47903394
633,low_gni_first,96.5151883022637,96.75668199213112,235,47903394
634,low_gni_first,96.51518992827187,96.75668701400464,235,47903395
635,low_gni_first,96.51519099876914,96.75668956400222,235,47903397
636,low_gni_first,96.51519222416718,96.7566930958593,235,47903399
637,low_gni_first,96.51519323012248,96.75669665350446,235,47903401
638,low_gni_first,96.51519421026097,96.75669929185639,235,47903403
639,low_gni_first,96.51519521711593,96.75670245818499,235,47903403
640,low_gni_first,96.5151960040783,96.75670440779376,235,47903404
641,low_gni_first,96.51519711375062,96.7567073712034,235,47903405
642,low_gni_first,96.51519775782096,96.7567096096491,235,47903408
643,low_gni_first,96.51519873750962,96.7567126994245,235,47903411
644,low_gni_first,96.51519942120483,96.75671476128949,235,47903412
645,low_gni_first,96.5152001560838,96.75671679658579,235,47903414
646,low_gni_first,96.51520067241967,96.75671827092813,235,47903414
647,low_gni_first,96.51520130358162,96.75671997676191,235,47903417
648,low_gni_first,96.51520178074247,96.75672114872077,235,47903418
649,low_gni_first,96.51520215508599,96.75672247373593,235,47903418
650,low_gni_first,96.51520264560507,96.75672391324741,235,47903418
651,low_gni_first,96.51520301994859,96.75672513879779,235,47903418
652,low_gni_first,96.51520347174247,96.75672649414192,235,47903418
653,low_gni_first,96.515203781544,96.75672741242404,235,47903418
654,low_gni_first,96.51520407843712,96.75672805720262,235,47903418
655,low_gni_first,96.51520429787988,96.75672878371651,235,47903418
656,low_gni_first,96.5152046076814,96.75672969280964,235,47903418
657,low_gni_first,96.51520492994149,96.75673041980303,235,47903419
658,low_gni_first,96.51520518810943,96.75673100742297,235,47903419
659,low_gni_first,96.51520551081936,96.75673190996828,235,47903419
660,low_gni_first,96.5152057431705,96.75673267941642,235,47903419
661,low_gni_first,96.51520596261325,96.75673316209176,235,47903419
662,low_gni_first,96.5152061304224,96.75673370393527,235,47903419
663,low_gni_first,96.51520640149874,96.75673464215927,235,47903419
664,low_gni_first,96.5152065822163,96.75673522625857,235,47903419
665,low_gni_first,96.51520669839186,96.75673551999141,235,47903419
666,low_gni_first,96.51520690447639,96.7567361865822,235,47903420
667,low_gni_first,96.51520702065196,96.75673656455658,235,47903420
668,low_gni_first,96.51520717510289,96.75673713565217,235,47903421
669,low_gni_first,96.51520727837007,96.75673735493373,235,47903421
670,low_gni_first,96.51520738163724,96.75673770651849,235,47903421
671,low_gni_first,96.51520747199602,96.75673784892732,235,47903421
672,low_gni_first,96.5152075752632,96.75673803633266,235,47903421
673,low_gni_first,96.51520765271358,96.7567381655005,235,47903421
674,low_gni_first,96.51520769143877,96.75673838885433,235,47903421
675,low_gni_first,96.51520780761435,96.75673876075446,235,47903421
676,low_gni_first,96.51520791088151,96.75673891731458,235,47903421
677,low_gni_first,96.5152079883319,96.75673905584519,235,47903421
678,low_gni_first,96.51520805287389,96.75673916862208,235,47903421
679,low_gni_first,96.51520813032427,96.7567394074915,235,47903421
680,low_gni_first,96.51520820777465,96.75673966603482,235,47903421
681,low_gni_first,96.51520825940824,96.75673977567561,235,47903421
682,low_gni_first,96.51520827231663,96.75673978740544,235,47903421
683,low_gni_first,96.51520829813343,96.75673987358655,235,47903421
684,low_gni_first,96.51520837558381,96.75674010474269,235,47903421
685,low_gni_first,96.515208414309,96.75674026635588,235,47903421
686,low_gni_first,96.51520846594259,96.75674031425598,235,47903421
687,low_gni_first,96.51520850466778,96.75674043933967,235,47903421
688,low_gni_first,96.51520851757617,96.75674051379094,235,47903421
689,low_gni_first,96.51520854339297,96.75674059997205,235,47903421
690,low_gni_first,96.51520854339297,96.75674059997205,235,47903421
691,low_gni_first,96.51520855630136,96.75674063887462,235,47903421
692,low_gni_first,96.51520859502655,96.75674075830567,235,47903421
693,low_gni_first,96.51520862084335,96.75674078176533,235,47903421
694,low_gni_first,96.51520863375174,96.75674085621661,235,47903421
695,low_gni_first,96.51520863375174,96.75674085621661,235,47903421
696,low_gni_first,96.51520867247693,96.75674089140611,235,47903421
697,low_gni_first,96.51520871120212,96.75674102465129,235,47903421
698,low_gni_first,96.51520876283571,96.75674119701353,235,47903421
699,low_gni_first,96.51520876283571,96.75674119701353,235,47903421
700,low_gni_first,96.51520878865252,96.75674128319464,235,47903421
701,low_gni_first,96.5152088144693,96.75674136937575,235,47903421
702,low_gni_first,96.51520884028609,96.75674139174463,235,47903421
703,low_gni_first,96.51520884028609,96.75674139174463,235,47903421
704,low_gni_first,96.5152088661029,96.75674141520429,235,47903421
705,low_gni_first,96.51520890482809,96.75674157583668,235,47903421
706,low_gni_first,96.51520890482809,96.75674157583668,235,47903421
707,low_gni_first,96.51520890482809,96.75674157583668,235,47903421
708,low_gni_first,96.51520890482809,96.75674157583668,235,47903421
709,low_gni_first,96.51520890482809,96.75674157583668,235,47903421
710,low_gni_first,96.51520890482809,96.75674157583668,235,47903421
711,low_gni_first,96.51520890482809,96.75674157583668,235,47903421
712,low_gni_first,96.51520891773647,96.75674165028796,235,47903421
713,low_gni_first,96.51520891773647,96.75674165028796,235,47903421
714,low_gni_first,96.51520891773647,96.75674165028796,235,47903421
715,low_gni_first,96.51520891773647,96.75674165028796,235,47903421
716,low_gni_first,96.51520891773647,96.75674165028796,235,47903421
717,low_gni_first,96.51520893064487,96.75674172473924,235,47903421
718,low_gni_first,96.51520893064487,96.75674172473924,235,47903421
719,low_gni_first,96.51520893064487,96.75674172473924,235,47903421
720,low_gni_first,96.51520893064487,96.75674172473924,235,47903421
721,low_gni_first,96.51520893064487,96.75674172473924,235,47903421
722,low_gni_first,96.51520893064487,96.75674172473924,235,47903421
723,low_gni_first,96.51520893064487,96.75674172473924,235,47903421
724,low_gni_first,96.51520893064487,96.75674172473924,235,47903421
725,low_gni_first,96.51520893064487,96.75674172473924,235,47903421
726,low_gni_first,96.51520893064487,96.75674172473924,235,47903421
727,low_gni_first,96.51520893064487,96.75674172473924,235,47903421
728,low_gni_first,96.51520893064487,96.75674172473924,235,47903421
729,low_gni_first,96.51520893064487,96.75674172473924,235,47903421
730,low_gni_first,96.51520893064487,96.75674172473924,235,47903421
731,low_gni_first,96.51520893064487,96.75674172473924,235,47903421
732,low_gni_first,96.51520893064487,96.75674172473924,235,47903421
733,low_gni_first,96.51520893064487,96.75674172473924,235,47903421
734,low_gni_first,96.51520893064487,96.75674172473924,235,47903421
735,low_gni_first,96.51520893064487,96.75674172473924,235,47903421
736,low_gni_first,96.51520894355328,96.75674179919054,235,47903421
737,low_gni_first,96.51520894355328,96.75674179919054,235,47903421
738,low_gni_first,96.51520894355328,96.75674179919054,235,47903421
739,low_gni_first,96.51520894355328,96.75674179919054,235,47903421
740,low_gni_first,96.51520894355328,96.75674179919054,235,47903421
741,low_gni_first,96.51520894355328,96.75674179919054,235,47903421
742,low_gni_first,96.51520894355328,96.75674179919054,235,47903421
743,low_gni_first,96.51520894355328,96.75674179919054,235,47903421
744,low_gni_first,96.51520894355328,96.75674179919054,235,47903421
745,low_gni_first,96.51520894355328,96.75674179919054,235,47903421
746,low_gni_first,96.51520894355328,96.75674179919054,235,47903421
747,low_gni_first,96.51520894355328,96.75674179919054,235,47903421
748,low_gni_first,96.51520894355328,96.75674179919054,235,47903421
749,low_gni_first,96.51520894355328,96.75674179919054,235,47903421
750,low_gni_first,96.51520894355328,96.75674179919054,235,47903421
751,low_gni_first,96.51520894355328,96.75674179919054,235,47903421
752,low_gni_first,96.51520894355328,96.75674179919054,235,47903421
753,low_gni_first,96.51520894355328,96.75674179919054,235,47903421
754,low_gni_first,96.51520894355328,96.75674179919054,235,47903421
755,low_gni_first,96.51520894355328,96.75674179919054,235,47903421
756,low_gni_first,96.51520894355328,96.75674179919054,235,47903421
757,low_gni_first,96.51520894355328,96.75674179919054,235,47903421
758,low_gni_first,96.51520894355328,96.75674179919054,235,47903421
759,low_gni_first,96.51520894355328,96.75674179919054,235,47903421
760,low_gni_first,96.51520894355328,96.75674179919054,235,47903421
761,low_gni_first,96.51520894355328,96.75674179919054,235,47903421
762,low_gni_first,96.51520894355328,96.75674179919054,235,47903421
763,low_gni_first,96.51520894355328,96.75674179919054,235,47903421
764,low_gni_first,96.51520895646166,96.75674181092037,235,47903421
765,low_gni_first,96.51520895646166,96.75674181092037,235,47903421
766,low_gni_first,96.51520895646166,96.75674181092037,235,47903421
767,low_gni_first,96.51520895646166,96.75674181092037,235,47903421
768,low_gni_first,96.51520895646166,96.75674181092037,235,47903421
769,low_gni_first,96.51520895646166,96.75674181092037,235,47903421
770,low_gni_first,96.51520895646166,96.75674181092037,235,47903421
771,low_gni_first,96.51520895646166,96.75674181092037,235,47903421
772,low_gni_first,96.51520895646166,96.75674181092037,235,47903421
773,low_gni_first,96.51520895646166,96.75674181092037,235,47903421
774,low_gni_first,96.51520895646166,96.75674181092037,235,47903421
775,low_gni_first,96.51520895646166,96.75674181092037,235,47903421
776,low_gni_first,96.51520895646166,96.75674181092037,235,47903421
777,low_gni_first,96.51520895646166,96.75674181092037,235,47903421
778,low_gni_first,96.51520895646166,96.75674181092037,235,47903421
779,low_gni_first,96.51520895646166,96.75674181092037,235,47903421
780,low_gni_first,96.51520895646166,96.75674181092037,235,47903421
781,low_gni_first,96.51520895646166,96.75674181092037,235,47903421
782,low_gni_first,96.51520895646166,96.75674181092037,235,47903421
783,low_gni_first,96.51520895646166,96.75674181092037,235,47903421
784,low_gni_first,96.51520895646166,96.75674181092037,235,47903421
785,low_gni_first,96.51520895646166,96.75674181092037,235,47903421
786,low_gni_first,96.51520895646166,96.75674181092037,235,47903421
787,low_gni_first,96.51520895646166,96.75674181092037,235,47903421
788,low_gni_first,96.51520895646166,96.75674181092037,235,47903421
789,low_gni_first,96.51520895646166,96.75674181092037,235,47903421
790,low_gni_first,96.51520895646166,96.75674181092037,235,47903421
791,low_gni_first,96.51520895646166,96.75674181092037,235,47903421
792,low_gni_first,96.51520895646166,96.75674181092037,235,47903421
793,low_gni_first,96.51520895646166,96.75674181092037,235,47903421
794,low_gni_first,96.51520895646166,96.75674181092037,235,47903421
795,low_gni_first,96.51520895646166,96.75674181092037,235,47903421
796,low_gni_first,96.51520895646166,96.75674181092037,235,47903421
797,low_gni_first,96.51520895646166,96.75674181092037,235,47903421
798,low_gni_first,96.51520895646166,96.75674181092037,235,47903421
799,low_gni_first,96.51520895646166,96.75674181092037,235,47903421
